ChangeFallType,CornerType,EdgePatternType,InnerType000,ModelType,StepLevel,TriangleType,UniqueID,Variation,FishPoint,InnerType001,InnerType002,InnerType003,InnerType010,InnerType011,InnerType012,InnerType013,InnerType020,InnerType021,InnerType022,InnerType023,InnerType030,InnerType031,InnerType032,InnerType033,InnerType100,InnerType101,InnerType102,InnerType103,InnerType110,InnerType111,InnerType112,InnerType113,InnerType120,InnerType121,InnerType122,InnerType123,InnerType130,InnerType131,InnerType132,InnerType133,ModelName
None,None,None,Base,Plane,Level0,Invalid,0,0,0,0,0,0,0,0,0,0,0,0,0,0,0,0,0,0,4,4,4,4,4,4,4,4,4,4,4,4,4,4,4,4,Base
None,None,Variation1,Base,River,Level0,Invalid,1,0,0,0,0,0,0,1,1,0,0,1,1,0,0,0,0,0,4,4,4,4,4,4,4,4,4,4,4,4,4,4,4,4,River0A
None,None,Variation4,Base,River,Level0,Invalid,4,3,0,0,0,0,0,1,1,1,0,1,1,1,0,0,0,0,4,4,4,4,4,4,4,4,4,4,4,4,4,4,4,4,River1A
None,None,Variation2,Base,River,Level0,Invalid,7,1,0,0,0,0,1,1,1,1,1,1,1,1,0,0,0,0,4,4,4,4,4,4,4,4,4,4,4,4,4,4,4,4,River2A
None,Slant,Variation4,Base,River,Level0,UpperLeft,8,3,0,0,0,0,0,1,1,1,0,1,1,1,0,1,1,0,4,4,4,4,4,4,4,4,4,4,4,4,4,4,4,4,River2B
None,Right,Variation4,Base,River,Level0,UpperLeft,9,3,0,0,0,0,0,1,1,1,0,1,1,1,0,1,1,0,4,4,4,4,4,4,4,4,4,4,4,4,4,4,4,4,River2C
None,None,Variation4,Base,River,Level0,Invalid,10,3,0,0,0,0,1,1,1,1,1,1,1,1,0,1,1,0,4,4,4,4,4,4,4,4,4,4,4,4,4,4,4,4,River3A
None,Slant,Variation4,Base,River,Level0,UpperLeft,11,3,1,0,0,0,0,1,1,1,0,1,1,1,0,1,1,1,4,4,4,4,4,4,4,4,4,4,4,4,4,4,4,4,River3B
None,Right,Variation4,Base,River,Level0,UpperLeft,12,3,1,0,0,0,0,1,1,1,0,1,1,1,0,1,1,1,4,4,4,4,4,4,4,4,4,4,4,4,4,4,4,4,River3C
None,None,Variation4,Base,River,Level0,Invalid,13,3,1,0,0,0,1,1,1,1,1,1,1,1,0,1,1,1,4,4,4,4,4,4,4,4,4,4,4,4,4,4,4,4,River4A
None,None,Variation4,Base,River,Level0,Invalid,14,3,1,0,0,0,1,1,1,1,1,1,1,1,1,1,1,0,4,4,4,4,4,4,4,4,4,4,4,4,4,4,4,4,River4B
None,None,None,Base,River,Level0,Invalid,15,0,0,1,1,0,1,1,1,1,1,1,1,1,0,1,1,0,4,4,4,4,4,4,4,4,4,4,4,4,4,4,4,4,River4C
None,None,None,Base,River,Level0,Invalid,16,0,1,1,1,1,1,1,1,1,1,1,1,1,0,1,1,0,4,4,4,4,4,4,4,4,4,4,4,4,4,4,4,4,River5A
None,None,Variation4,Base,River,Level0,Invalid,17,3,1,0,0,0,1,1,1,1,1,1,1,1,1,1,1,1,4,4,4,4,4,4,4,4,4,4,4,4,4,4,4,4,River5B
None,None,None,Base,River,Level0,Invalid,18,0,1,1,1,1,1,1,1,1,1,1,1,1,1,1,1,0,4,4,4,4,4,4,4,4,4,4,4,4,4,4,4,4,River6A
None,None,None,River,River,Level0,Invalid,19,0,1,1,1,0,1,1,1,1,1,1,1,1,1,1,1,0,4,4,4,4,4,4,4,4,4,4,4,4,4,4,4,4,River6B
None,None,None,River,River,Level0,Invalid,20,0,1,1,1,0,1,1,1,1,1,1,1,1,1,1,1,1,4,4,4,4,4,4,4,4,4,4,4,4,4,4,4,4,River7A
None,None,None,River,River,Level0,Invalid,21,0,1,1,1,1,1,1,1,1,1,1,1,1,1,1,1,1,4,4,4,4,4,4,4,4,4,4,4,4,4,4,4,4,River8A
None,None,Variation1,Base,Cliff,Level1,Invalid,22,0,0,0,0,0,0,0,0,0,0,0,0,0,0,0,0,0,0,0,0,0,0,3,3,0,0,3,3,0,0,0,0,0,Cliff0A
None,None,Variation1,Base,Cliff,Level1,UpperLeft,23,0,0,0,0,0,0,0,0,0,0,0,0,0,0,0,0,0,0,0,0,0,0,3,3,0,0,3,3,0,0,0,0,0,Cliff0A
None,None,Variation1,Base,Cliff,Level1,UpperRight,24,0,0,0,0,0,0,0,0,0,0,0,0,0,0,0,0,0,0,0,0,0,0,3,3,0,0,3,3,0,0,0,0,0,Cliff0A
None,None,Variation4,Base,Cliff,Level1,Invalid,25,3,0,0,0,0,0,0,0,0,0,0,0,0,0,0,0,0,0,0,0,0,0,3,3,3,0,3,3,3,0,0,0,0,Cliff1A
None,None,Variation4,Base,Cliff,Level1,UpperLeft,26,3,0,0,0,0,0,0,0,0,0,0,0,0,0,0,0,0,0,0,0,0,0,3,3,3,0,3,3,3,0,0,0,0,Cliff1A
None,None,Variation4,Base,Cliff,Level1,UpperRight,27,3,0,0,0,0,0,0,0,0,0,0,0,0,0,0,0,0,0,0,0,0,0,3,3,3,0,3,3,3,0,0,0,0,Cliff1A
None,None,Variation2,Base,Cliff,Level1,Invalid,28,1,0,0,0,0,0,0,0,0,0,0,0,0,0,0,0,0,0,0,0,0,3,3,3,3,3,3,3,3,0,0,0,0,Cliff2A
None,Right,Variation4,Base,Cliff,Level1,UpperLeft,29,3,0,0,0,0,0,0,0,0,0,0,0,0,0,0,0,0,0,0,0,0,0,3,3,3,0,3,3,3,0,3,3,0,Cliff2C
None,None,Variation4,Base,Cliff,Level1,Invalid,30,3,0,0,0,0,0,0,0,0,0,0,0,0,0,0,0,0,0,0,0,0,3,3,3,3,3,3,3,3,0,3,3,0,Cliff3A
None,Slant,Variation4,Base,Cliff,Level1,UpperLeft,31,3,0,0,0,0,0,0,0,0,0,0,0,0,0,0,0,0,0,0,0,0,0,3,3,3,0,3,3,3,0,3,3,3,Cliff3B
None,Right,Variation4,Base,Cliff,Level1,UpperLeft,32,3,0,0,0,0,0,0,0,0,0,0,0,0,0,0,0,0,0,0,0,0,0,3,3,3,0,3,3,3,0,3,3,3,Cliff3C
None,None,Variation4,Base,Cliff,Level1,Invalid,33,3,0,0,0,0,0,0,0,0,0,0,0,0,0,0,0,0,0,0,0,0,3,3,3,3,3,3,3,3,0,3,3,3,Cliff4A
None,None,Variation4,Base,Cliff,Level1,Invalid,34,3,0,0,0,0,0,0,0,0,0,0,0,0,0,0,0,0,0,0,0,0,3,3,3,3,3,3,3,3,3,3,3,0,Cliff4B
None,None,None,Base,Cliff,Level1,Invalid,35,0,0,0,0,0,0,0,0,0,0,0,0,0,0,0,0,0,0,3,3,0,3,3,3,3,3,3,3,3,0,3,3,0,Cliff4C
None,None,None,Base,Cliff,Level1,Invalid,36,0,0,0,0,0,0,0,0,0,0,0,0,0,0,0,0,0,0,3,3,3,3,3,3,3,3,3,3,3,0,3,3,0,Cliff5A
ToFall,None,Variation4,Base,Cliff,Level1,Invalid,37,3,0,0,0,0,0,0,0,0,0,0,0,0,0,0,0,0,0,0,0,0,3,3,3,3,3,3,3,3,3,3,3,3,Cliff5B
None,None,None,Base,Cliff,Level1,Invalid,38,0,0,0,0,0,0,0,0,0,0,0,0,0,0,0,0,0,0,3,3,3,3,3,3,3,3,3,3,3,3,3,3,0,Cliff6A
None,None,None,Base,Cliff,Level1,Invalid,39,0,0,0,0,0,0,0,0,0,0,0,0,0,0,0,0,0,3,3,3,0,3,3,3,3,3,3,3,3,3,3,3,0,Cliff6B
None,None,None,Base,Cliff,Level1,Invalid,40,0,0,0,0,0,0,0,0,0,0,0,0,0,0,0,0,0,3,3,3,0,3,3,3,3,3,3,3,3,3,3,3,3,Cliff7A
None,None,None,Cliff,Cliff,Level1,Invalid,41,0,0,3,3,3,3,3,3,3,3,3,3,3,3,3,3,3,4,4,4,4,4,4,4,4,4,4,4,4,4,4,4,4,Cliff8
None,None,None,Base,Fall,Level1,Invalid,58,0,0,0,0,0,0,1,1,0,0,1,1,0,0,0,0,0,3,3,3,0,1,1,1,0,1,1,1,0,3,3,3,0,Fall101
None,None,None,Base,Fall,Level1,Invalid,59,0,0,0,0,0,0,1,1,1,0,1,1,1,0,0,0,0,3,3,3,0,1,1,1,0,1,1,1,0,3,3,3,0,Fall100
None,None,None,Base,Fall,Level1,Invalid,60,0,0,0,0,0,0,1,1,1,0,1,1,1,0,1,1,1,3,3,3,0,1,1,1,0,1,1,1,0,1,1,1,0,Fall300
None,None,None,Base,Fall,Level1,Invalid,61,0,0,0,0,0,0,1,1,1,0,1,1,1,0,1,1,0,3,3,3,0,1,1,1,0,1,1,1,0,1,1,1,0,Fall301
None,None,None,Base,Fall,Level1,Invalid,62,0,0,0,0,0,0,1,1,0,0,1,1,0,0,1,1,0,3,3,3,0,1,1,1,0,1,1,1,0,1,1,1,0,Fall302
None,None,None,Base,Fall,Level1,Invalid,63,0,0,1,1,1,0,1,1,1,0,1,1,1,0,0,0,0,1,1,1,0,1,1,1,0,1,1,1,0,3,3,3,0,Fall200
None,None,None,Base,Fall,Level1,Invalid,64,0,0,1,1,0,0,1,1,1,0,1,1,1,0,0,0,0,1,1,1,0,1,1,1,0,1,1,1,0,3,3,3,0,Fall201
None,None,None,Base,Fall,Level1,Invalid,65,0,0,1,1,0,0,1,1,0,0,1,1,0,0,0,0,0,1,1,1,0,1,1,1,0,1,1,1,0,3,3,3,0,Fall202
None,None,None,Base,Fall,Level1,Invalid,66,0,0,1,1,1,0,1,1,1,0,1,1,1,0,1,1,1,1,1,1,0,1,1,1,0,1,1,1,0,1,1,1,0,Fall400
None,None,None,Base,Fall,Level1,Invalid,67,0,0,1,1,1,0,1,1,1,0,1,1,1,0,1,1,0,1,1,1,0,1,1,1,0,1,1,1,0,1,1,1,0,Fall401
None,None,None,Base,Fall,Level1,Invalid,68,0,0,1,1,0,0,1,1,1,0,1,1,1,0,1,1,1,1,1,1,0,1,1,1,0,1,1,1,0,1,1,1,0,Fall402
None,None,None,Base,Fall,Level1,Invalid,69,0,0,1,1,0,0,1,1,0,0,1,1,0,0,1,1,0,1,1,1,0,1,1,1,0,1,1,1,0,1,1,1,0,Fall403
None,None,None,Base,Fall,Level1,Invalid,70,0,0,1,1,0,0,1,1,1,0,1,1,1,0,1,1,0,1,1,1,0,1,1,1,0,1,1,1,0,1,1,1,0,Fall404
None,None,None,Base,Road,Level0,Invalid,71,0,0,0,0,0,0,6,6,0,0,6,6,0,0,0,0,0,4,4,4,4,4,4,4,4,4,4,4,4,4,4,4,4,RoadSoil0A
None,None,None,Base,Road,Level0,Invalid,72,0,0,0,0,0,0,6,6,6,0,6,6,6,0,0,0,0,4,4,4,4,4,4,4,4,4,4,4,4,4,4,4,4,RoadSoil1A
None,Slant,None,Base,Road,Level0,UpperLeft,73,0,0,0,0,0,0,6,6,0,0,6,6,0,0,0,0,0,4,4,4,4,4,4,4,4,4,4,4,4,4,4,4,4,RoadSoil0B
None,Slant,None,Base,Road,Level0,UpperLeft,75,0,0,0,0,0,0,6,6,6,0,6,6,6,0,0,0,0,4,4,4,4,4,4,4,4,4,4,4,4,4,4,4,4,RoadSoil1B
None,Slant,None,Base,Road,Level0,UpperRight,76,0,0,0,0,0,0,6,6,6,0,6,6,6,0,0,0,0,4,4,4,4,4,4,4,4,4,4,4,4,4,4,4,4,RoadSoil1C
None,None,None,Base,Road,Level0,Invalid,77,0,0,0,0,0,6,6,6,6,6,6,6,6,0,0,0,0,4,4,4,4,4,4,4,4,4,4,4,4,4,4,4,4,RoadSoil2A
None,Slant,None,Base,Road,Level0,UpperLeft,78,0,0,0,0,0,0,6,6,6,0,6,6,6,0,6,6,0,4,4,4,4,4,4,4,4,4,4,4,4,4,4,4,4,RoadSoil2B
None,Right,None,Base,Road,Level0,UpperLeft,79,0,0,0,0,0,0,6,6,6,0,6,6,6,0,6,6,0,4,4,4,4,4,4,4,4,4,4,4,4,4,4,4,4,RoadSoil2C
None,None,None,Base,Road,Level0,Invalid,80,0,0,0,0,0,6,6,6,6,6,6,6,6,0,6,6,0,4,4,4,4,4,4,4,4,4,4,4,4,4,4,4,4,RoadSoil3A
None,Slant,None,Base,Road,Level0,UpperLeft,81,0,0,0,0,0,0,6,6,6,0,6,6,6,0,6,6,6,4,4,4,4,4,4,4,4,4,4,4,4,4,4,4,4,RoadSoil3B
None,Right,None,Base,Road,Level0,UpperLeft,82,0,0,0,0,0,0,6,6,6,0,6,6,6,0,6,6,6,4,4,4,4,4,4,4,4,4,4,4,4,4,4,4,4,RoadSoil3C
None,None,None,Base,Road,Level0,Invalid,83,0,0,0,0,0,6,6,6,6,6,6,6,6,0,6,6,6,4,4,4,4,4,4,4,4,4,4,4,4,4,4,4,4,RoadSoil4A
None,None,None,Base,Road,Level0,Invalid,84,0,0,0,0,0,6,6,6,6,6,6,6,6,6,6,6,0,4,4,4,4,4,4,4,4,4,4,4,4,4,4,4,4,RoadSoil4B
None,None,None,Base,Road,Level0,Invalid,85,0,0,6,6,0,6,6,6,6,6,6,6,6,0,6,6,0,4,4,4,4,4,4,4,4,4,4,4,4,4,4,4,4,RoadSoil4C
None,None,None,Base,Road,Level0,Invalid,86,0,0,6,6,6,6,6,6,6,6,6,6,6,0,6,6,0,4,4,4,4,4,4,4,4,4,4,4,4,4,4,4,4,RoadSoil5A
None,None,None,Base,Road,Level0,Invalid,87,0,0,0,0,0,6,6,6,6,6,6,6,6,6,6,6,6,4,4,4,4,4,4,4,4,4,4,4,4,4,4,4,4,RoadSoil5B
None,None,None,Base,Road,Level0,Invalid,88,0,0,6,6,6,6,6,6,6,6,6,6,6,6,6,6,0,4,4,4,4,4,4,4,4,4,4,4,4,4,4,4,4,RoadSoil6A
None,None,None,Soil,Road,Level0,Invalid,89,0,0,6,6,0,6,6,6,6,6,6,6,6,6,6,6,0,4,4,4,4,4,4,4,4,4,4,4,4,4,4,4,4,RoadSoil6B
None,None,None,Soil,Road,Level0,Invalid,90,0,0,6,6,0,6,6,6,6,6,6,6,6,6,6,6,6,4,4,4,4,4,4,4,4,4,4,4,4,4,4,4,4,RoadSoil7A
None,None,None,Soil,Road,Level0,Invalid,91,0,0,6,6,6,6,6,6,6,6,6,6,6,6,6,6,6,4,4,4,4,4,4,4,4,4,4,4,4,4,4,4,4,RoadSoil8A
None,None,None,Base,Road,Level0,Invalid,92,0,0,0,0,0,0,2,2,0,0,2,2,0,0,0,0,0,4,4,4,4,4,4,4,4,4,4,4,4,4,4,4,4,RoadStone0A
None,Slant,None,Base,Road,Level0,UpperLeft,93,0,0,0,0,0,0,2,2,0,0,2,2,0,0,0,0,0,4,4,4,4,4,4,4,4,4,4,4,4,4,4,4,4,RoadStone0B
None,None,None,Base,Road,Level0,Invalid,95,0,0,0,0,0,0,2,2,2,0,2,2,2,0,0,0,0,4,4,4,4,4,4,4,4,4,4,4,4,4,4,4,4,RoadStone1A
None,Slant,None,Base,Road,Level0,UpperLeft,96,0,0,0,0,0,0,2,2,2,0,2,2,2,0,0,0,0,4,4,4,4,4,4,4,4,4,4,4,4,4,4,4,4,RoadStone1B
None,Slant,None,Base,Road,Level0,UpperRight,97,0,0,0,0,0,0,2,2,2,0,2,2,2,0,0,0,0,4,4,4,4,4,4,4,4,4,4,4,4,4,4,4,4,RoadStone1C
None,None,None,Base,Road,Level0,Invalid,98,0,0,0,0,0,2,2,2,2,2,2,2,2,0,0,0,0,4,4,4,4,4,4,4,4,4,4,4,4,4,4,4,4,RoadStone2A
None,Slant,None,Base,Road,Level0,UpperLeft,99,0,0,0,0,0,0,2,2,2,0,2,2,2,0,2,2,0,4,4,4,4,4,4,4,4,4,4,4,4,4,4,4,4,RoadStone2B
None,Right,None,Base,Road,Level0,UpperLeft,100,0,0,0,0,0,0,2,2,2,0,2,2,2,0,2,2,0,4,4,4,4,4,4,4,4,4,4,4,4,4,4,4,4,RoadStone2C
None,None,None,Base,Road,Level0,Invalid,101,0,0,0,0,0,2,2,2,2,2,2,2,2,0,2,2,0,4,4,4,4,4,4,4,4,4,4,4,4,4,4,4,4,RoadStone3A
None,Slant,None,Base,Road,Level0,UpperLeft,102,0,0,0,0,0,0,2,2,2,0,2,2,2,0,2,2,2,4,4,4,4,4,4,4,4,4,4,4,4,4,4,4,4,RoadStone3B
None,Right,None,Base,Road,Level0,UpperLeft,103,0,0,0,0,0,0,2,2,2,0,2,2,2,0,2,2,2,4,4,4,4,4,4,4,4,4,4,4,4,4,4,4,4,RoadStone3C
None,None,None,Base,Road,Level0,Invalid,104,0,0,0,0,0,2,2,2,2,2,2,2,2,0,2,2,2,4,4,4,4,4,4,4,4,4,4,4,4,4,4,4,4,RoadStone4A
None,None,None,Base,Road,Level0,Invalid,105,0,0,0,0,0,2,2,2,2,2,2,2,2,2,2,2,0,4,4,4,4,4,4,4,4,4,4,4,4,4,4,4,4,RoadStone4B
None,None,None,Base,Road,Level0,Invalid,106,0,0,2,2,0,2,2,2,2,2,2,2,2,0,2,2,0,4,4,4,4,4,4,4,4,4,4,4,4,4,4,4,4,RoadStone4C
None,None,None,Base,Road,Level0,Invalid,107,0,0,2,2,2,2,2,2,2,2,2,2,2,0,2,2,0,4,4,4,4,4,4,4,4,4,4,4,4,4,4,4,4,RoadStone5A
None,None,None,Base,Road,Level0,Invalid,108,0,0,0,0,0,2,2,2,2,2,2,2,2,2,2,2,2,4,4,4,4,4,4,4,4,4,4,4,4,4,4,4,4,RoadStone5B
None,None,None,Base,Road,Level0,Invalid,109,0,0,2,2,2,2,2,2,2,2,2,2,2,2,2,2,0,4,4,4,4,4,4,4,4,4,4,4,4,4,4,4,4,RoadStone6A
None,None,None,RoadStone,Road,Level0,Invalid,110,0,0,2,2,0,2,2,2,2,2,2,2,2,2,2,2,0,4,4,4,4,4,4,4,4,4,4,4,4,4,4,4,4,RoadStone6B
None,None,None,RoadStone,Road,Level0,Invalid,111,0,0,2,2,0,2,2,2,2,2,2,2,2,2,2,2,2,4,4,4,4,4,4,4,4,4,4,4,4,4,4,4,4,RoadStone7A
None,None,None,RoadStone,Road,Level0,Invalid,112,0,0,2,2,2,2,2,2,2,2,2,2,2,2,2,2,2,4,4,4,4,4,4,4,4,4,4,4,4,4,4,4,4,RoadStone8A
None,None,None,Base,Fall,Level1,Invalid,113,0,0,0,0,0,0,1,1,0,0,1,1,0,0,0,0,0,3,3,3,0,3,1,1,0,3,1,1,0,3,3,3,0,Fall103
None,None,None,Base,Fall,Level1,Invalid,114,0,0,0,0,0,0,1,1,1,0,1,1,1,0,0,0,0,3,3,3,0,3,1,1,0,3,1,1,0,3,3,3,0,Fall102
None,None,None,Base,Fall,Level1,Invalid,115,0,0,0,0,0,0,1,1,1,0,1,1,1,0,1,1,1,3,3,3,0,1,1,1,0,1,1,1,0,3,1,1,0,Fall303
None,None,None,Base,Fall,Level1,Invalid,116,0,0,0,0,0,0,1,1,1,0,1,1,1,0,1,1,1,3,3,3,0,3,1,1,0,3,1,1,0,3,1,1,0,Fall304
None,None,None,Base,Fall,Level1,Invalid,117,0,0,0,0,0,0,1,1,1,0,1,1,1,0,1,1,0,3,3,3,0,1,1,1,0,1,1,1,0,3,1,1,0,Fall305
None,None,None,Base,Fall,Level1,Invalid,118,0,0,0,0,0,0,1,1,1,0,1,1,1,0,1,1,0,3,3,3,0,3,1,1,0,3,1,1,0,3,1,1,0,Fall306
None,None,None,Base,Fall,Level1,Invalid,119,0,0,0,0,0,0,1,1,0,0,1,1,0,0,1,1,0,3,3,3,0,1,1,1,0,1,1,1,0,3,1,1,0,Fall307
None,None,None,Base,Fall,Level1,Invalid,120,0,0,0,0,0,0,1,1,0,0,1,1,0,0,1,1,0,3,3,3,0,3,1,1,0,3,1,1,0,3,1,1,0,Fall308
None,None,None,Base,Fall,Level1,Invalid,121,0,0,1,1,1,0,1,1,1,0,1,1,1,0,0,0,0,3,1,1,0,1,1,1,0,1,1,1,0,3,3,3,0,Fall203
None,None,None,Base,Fall,Level1,Invalid,122,0,0,1,1,1,0,1,1,1,0,1,1,1,0,0,0,0,3,1,1,0,3,1,1,0,3,1,1,0,3,3,3,0,Fall204
None,None,None,Base,Fall,Level1,Invalid,123,0,0,1,1,0,0,1,1,1,0,1,1,1,0,0,0,0,3,1,1,0,1,1,1,0,1,1,1,0,3,3,3,0,Fall205
None,None,None,Base,Fall,Level1,Invalid,124,0,0,1,1,0,0,1,1,1,0,1,1,1,0,0,0,0,3,1,1,0,3,1,1,0,3,1,1,0,3,3,3,0,Fall206
None,None,None,Base,Fall,Level1,Invalid,125,0,0,1,1,0,0,1,1,0,0,1,1,0,0,0,0,0,3,1,1,0,1,1,1,0,1,1,1,0,3,3,3,0,Fall207
None,None,None,Base,Fall,Level1,Invalid,126,0,0,1,1,0,0,1,1,0,0,1,1,0,0,0,0,0,3,1,1,0,3,1,1,0,3,1,1,0,3,3,3,0,Fall208
None,None,None,Base,Fall,Level1,Invalid,127,0,0,1,1,1,0,1,1,1,0,1,1,1,0,1,1,1,1,1,1,0,1,1,1,0,1,1,1,0,3,1,1,0,Fall405
None,None,None,Base,Fall,Level1,Invalid,128,0,0,1,1,1,0,1,1,1,0,1,1,1,0,1,1,1,3,1,1,0,1,1,1,0,1,1,1,0,1,1,1,0,Fall406
None,None,None,Base,Fall,Level1,Invalid,129,0,0,1,1,1,0,1,1,1,0,1,1,1,0,1,1,1,3,1,1,0,1,1,1,0,1,1,1,0,3,1,1,0,Fall407
None,None,None,Base,Fall,Level1,Invalid,130,0,0,1,1,1,0,1,1,1,0,1,1,1,0,1,1,1,3,1,1,0,3,1,1,0,3,1,1,0,3,1,1,0,Fall408
None,None,None,Base,Fall,Level1,Invalid,131,0,0,1,1,0,0,1,1,1,0,1,1,1,0,1,1,1,1,1,1,0,1,1,1,0,1,1,1,0,3,1,1,0,Fall410
None,None,None,Base,Fall,Level1,Invalid,132,0,0,1,1,0,0,1,1,1,0,1,1,1,0,1,1,1,3,1,1,0,1,1,1,0,1,1,1,0,1,1,1,0,Fall409
None,None,None,Base,Fall,Level1,Invalid,133,0,0,1,1,0,0,1,1,1,0,1,1,1,0,1,1,1,3,1,1,0,1,1,1,0,1,1,1,0,3,1,1,0,Fall411
None,None,None,Base,Fall,Level1,Invalid,134,0,0,1,1,0,0,1,1,1,0,1,1,1,0,1,1,1,3,1,1,0,3,1,1,0,3,1,1,0,3,1,1,0,Fall412
None,None,None,Base,Fall,Level1,Invalid,135,0,0,1,1,1,0,1,1,1,0,1,1,1,0,1,1,0,1,1,1,0,1,1,1,0,1,1,1,0,3,1,1,0,Fall414
None,None,None,Base,Fall,Level1,Invalid,136,0,0,1,1,1,0,1,1,1,0,1,1,1,0,1,1,0,3,1,1,0,1,1,1,0,1,1,1,0,1,1,1,0,Fall413
None,None,None,Base,Fall,Level1,Invalid,137,0,0,1,1,1,0,1,1,1,0,1,1,1,0,1,1,0,3,1,1,0,1,1,1,0,1,1,1,0,3,1,1,0,Fall415
None,None,None,Base,Fall,Level1,Invalid,138,0,0,1,1,1,0,1,1,1,0,1,1,1,0,1,1,0,3,1,1,0,3,1,1,0,3,1,1,0,3,1,1,0,Fall416
None,None,None,Base,Fall,Level1,Invalid,139,0,0,1,1,0,0,1,1,1,0,1,1,1,0,1,1,0,1,1,1,0,1,1,1,0,1,1,1,0,3,1,1,0,Fall418
None,None,None,Base,Fall,Level1,Invalid,140,0,0,1,1,0,0,1,1,1,0,1,1,1,0,1,1,0,3,1,1,0,1,1,1,0,1,1,1,0,1,1,1,0,Fall417
None,None,None,Base,Fall,Level1,Invalid,141,0,0,1,1,0,0,1,1,1,0,1,1,1,0,1,1,0,3,1,1,0,1,1,1,0,1,1,1,0,3,1,1,0,Fall419
None,None,None,Base,Fall,Level1,Invalid,142,0,0,1,1,0,0,1,1,1,0,1,1,1,0,1,1,0,3,1,1,0,3,1,1,0,3,1,1,0,3,1,1,0,Fall420
None,None,None,Base,Fall,Level1,Invalid,143,0,0,1,1,0,0,1,1,0,0,1,1,0,0,1,1,0,1,1,1,0,1,1,1,0,1,1,1,0,3,1,1,0,Fall422
None,None,None,Base,Fall,Level1,Invalid,144,0,0,1,1,0,0,1,1,0,0,1,1,0,0,1,1,0,3,1,1,0,1,1,1,0,1,1,1,0,1,1,1,0,Fall421
None,None,None,Base,Fall,Level1,Invalid,145,0,0,1,1,0,0,1,1,0,0,1,1,0,0,1,1,0,3,1,1,0,1,1,1,0,1,1,1,0,3,1,1,0,Fall423
None,None,None,Base,Fall,Level1,Invalid,146,0,0,1,1,0,0,1,1,0,0,1,1,0,0,1,1,0,3,1,1,0,3,1,1,0,3,1,1,0,3,1,1,0,Fall424
None,Slant,Variation4,Base,Cliff,Level1,UpperLeft,147,3,0,0,0,0,0,0,0,0,0,0,0,0,0,0,0,0,0,0,0,0,0,3,3,3,0,3,3,3,0,3,3,0,Cliff2B
None,None,None,Base,Road,Level0,Invalid,148,0,0,0,0,0,0,7,7,0,0,7,7,0,0,0,0,0,4,4,4,4,4,4,4,4,4,4,4,4,4,4,4,4,RoadBrick0A
None,Slant,None,Base,Road,Level0,UpperLeft,149,0,0,0,0,0,0,7,7,0,0,7,7,0,0,0,0,0,4,4,4,4,4,4,4,4,4,4,4,4,4,4,4,4,RoadBrick0B
None,None,None,Base,Road,Level0,Invalid,151,0,0,0,0,0,0,7,7,7,0,7,7,7,0,0,0,0,4,4,4,4,4,4,4,4,4,4,4,4,4,4,4,4,RoadBrick1A
None,Slant,None,Base,Road,Level0,UpperLeft,152,0,0,0,0,0,0,7,7,7,0,7,7,7,0,0,0,0,4,4,4,4,4,4,4,4,4,4,4,4,4,4,4,4,RoadBrick1B
None,Slant,None,Base,Road,Level0,UpperRight,153,0,0,0,0,0,0,7,7,7,0,7,7,7,0,0,0,0,4,4,4,4,4,4,4,4,4,4,4,4,4,4,4,4,RoadBrick1C
None,None,None,Base,Road,Level0,Invalid,154,0,0,0,0,0,7,7,7,7,7,7,7,7,0,0,0,0,4,4,4,4,4,4,4,4,4,4,4,4,4,4,4,4,RoadBrick2A
None,Slant,None,Base,Road,Level0,UpperLeft,155,0,0,0,0,0,0,7,7,7,0,7,7,7,0,7,7,0,4,4,4,4,4,4,4,4,4,4,4,4,4,4,4,4,RoadBrick2B
None,Right,None,Base,Road,Level0,UpperLeft,156,0,0,0,0,0,0,7,7,7,0,7,7,7,0,7,7,0,4,4,4,4,4,4,4,4,4,4,4,4,4,4,4,4,RoadBrick2C
None,None,None,Base,Road,Level0,Invalid,157,0,0,0,0,0,7,7,7,7,7,7,7,7,0,7,7,0,4,4,4,4,4,4,4,4,4,4,4,4,4,4,4,4,RoadBrick3A
None,Slant,None,Base,Road,Level0,UpperLeft,158,0,0,0,0,0,0,7,7,7,0,7,7,7,0,7,7,7,4,4,4,4,4,4,4,4,4,4,4,4,4,4,4,4,RoadBrick3B
None,Right,None,Base,Road,Level0,UpperLeft,159,0,0,0,0,0,0,7,7,7,0,7,7,7,0,7,7,7,4,4,4,4,4,4,4,4,4,4,4,4,4,4,4,4,RoadBrick3C
None,None,None,Base,Road,Level0,Invalid,160,0,0,0,0,0,7,7,7,7,7,7,7,7,0,7,7,7,4,4,4,4,4,4,4,4,4,4,4,4,4,4,4,4,RoadBrick4A
None,None,None,Base,Road,Level0,Invalid,161,0,0,0,0,0,7,7,7,7,7,7,7,7,7,7,7,0,4,4,4,4,4,4,4,4,4,4,4,4,4,4,4,4,RoadBrick4B
None,None,None,Base,Road,Level0,Invalid,162,0,0,7,7,0,7,7,7,7,7,7,7,7,0,7,7,0,4,4,4,4,4,4,4,4,4,4,4,4,4,4,4,4,RoadBrick4C
None,None,None,Base,Road,Level0,Invalid,163,0,0,7,7,7,7,7,7,7,7,7,7,7,0,7,7,0,4,4,4,4,4,4,4,4,4,4,4,4,4,4,4,4,RoadBrick5A
None,None,None,Base,Road,Level0,Invalid,164,0,0,0,0,0,7,7,7,7,7,7,7,7,7,7,7,7,4,4,4,4,4,4,4,4,4,4,4,4,4,4,4,4,RoadBrick5B
None,None,None,Base,Road,Level0,Invalid,165,0,0,7,7,7,7,7,7,7,7,7,7,7,7,7,7,0,4,4,4,4,4,4,4,4,4,4,4,4,4,4,4,4,RoadBrick6A
None,None,None,Brick,Road,Level0,Invalid,166,0,0,7,7,0,7,7,7,7,7,7,7,7,7,7,7,0,4,4,4,4,4,4,4,4,4,4,4,4,4,4,4,4,RoadBrick6B
None,None,None,Brick,Road,Level0,Invalid,167,0,0,7,7,0,7,7,7,7,7,7,7,7,7,7,7,7,4,4,4,4,4,4,4,4,4,4,4,4,4,4,4,4,RoadBrick7A
None,None,None,Brick,Road,Level0,Invalid,168,0,0,7,7,7,7,7,7,7,7,7,7,7,7,7,7,7,4,4,4,4,4,4,4,4,4,4,4,4,4,4,4,4,RoadBrick8A
None,None,None,Base,Road,Level0,Invalid,169,0,0,0,0,0,0,8,8,0,0,8,8,0,0,0,0,0,4,4,4,4,4,4,4,4,4,4,4,4,4,4,4,4,RoadDarkSoil0A
None,Slant,None,Base,Road,Level0,UpperLeft,170,0,0,0,0,0,0,8,8,0,0,8,8,0,0,0,0,0,4,4,4,4,4,4,4,4,4,4,4,4,4,4,4,4,RoadDarkSoil0B
None,None,None,Base,Road,Level0,Invalid,172,0,0,0,0,0,0,8,8,8,0,8,8,8,0,0,0,0,4,4,4,4,4,4,4,4,4,4,4,4,4,4,4,4,RoadDarkSoil1A
None,Slant,None,Base,Road,Level0,UpperLeft,173,0,0,0,0,0,0,8,8,8,0,8,8,8,0,0,0,0,4,4,4,4,4,4,4,4,4,4,4,4,4,4,4,4,RoadDarkSoil1B
None,Slant,None,Base,Road,Level0,UpperRight,174,0,0,0,0,0,0,8,8,8,0,8,8,8,0,0,0,0,4,4,4,4,4,4,4,4,4,4,4,4,4,4,4,4,RoadDarkSoil1C
None,None,None,Base,Road,Level0,Invalid,175,0,0,0,0,0,8,8,8,8,8,8,8,8,0,0,0,0,4,4,4,4,4,4,4,4,4,4,4,4,4,4,4,4,RoadDarkSoil2A
None,Slant,None,Base,Road,Level0,UpperLeft,176,0,0,0,0,0,0,8,8,8,0,8,8,8,0,8,8,0,4,4,4,4,4,4,4,4,4,4,4,4,4,4,4,4,RoadDarkSoil2B
None,Right,None,Base,Road,Level0,UpperLeft,177,0,0,0,0,0,0,8,8,8,0,8,8,8,0,8,8,0,4,4,4,4,4,4,4,4,4,4,4,4,4,4,4,4,RoadDarkSoil2C
None,None,None,Base,Road,Level0,Invalid,178,0,0,0,0,0,8,8,8,8,8,8,8,8,0,8,8,0,4,4,4,4,4,4,4,4,4,4,4,4,4,4,4,4,RoadDarkSoil3A
None,Slant,None,Base,Road,Level0,UpperLeft,179,0,0,0,0,0,0,8,8,8,0,8,8,8,0,8,8,8,4,4,4,4,4,4,4,4,4,4,4,4,4,4,4,4,RoadDarkSoil3B
None,Right,None,Base,Road,Level0,UpperLeft,180,0,0,0,0,0,0,8,8,8,0,8,8,8,0,8,8,8,4,4,4,4,4,4,4,4,4,4,4,4,4,4,4,4,RoadDarkSoil3C
None,None,None,Base,Road,Level0,Invalid,181,0,0,0,0,0,8,8,8,8,8,8,8,8,0,8,8,8,4,4,4,4,4,4,4,4,4,4,4,4,4,4,4,4,RoadDarkSoil4A
None,None,None,Base,Road,Level0,Invalid,182,0,0,0,0,0,8,8,8,8,8,8,8,8,8,8,8,0,4,4,4,4,4,4,4,4,4,4,4,4,4,4,4,4,RoadDarkSoil4B
None,None,None,Base,Road,Level0,Invalid,183,0,0,8,8,0,8,8,8,8,8,8,8,8,0,8,8,0,4,4,4,4,4,4,4,4,4,4,4,4,4,4,4,4,RoadDarkSoil4C
None,None,None,Base,Road,Level0,Invalid,184,0,0,8,8,8,8,8,8,8,8,8,8,8,0,8,8,0,4,4,4,4,4,4,4,4,4,4,4,4,4,4,4,4,RoadDarkSoil5A
None,None,None,Base,Road,Level0,Invalid,185,0,0,0,0,0,8,8,8,8,8,8,8,8,8,8,8,8,4,4,4,4,4,4,4,4,4,4,4,4,4,4,4,4,RoadDarkSoil5B
None,None,None,Base,Road,Level0,Invalid,186,0,0,8,8,8,8,8,8,8,8,8,8,8,8,8,8,0,4,4,4,4,4,4,4,4,4,4,4,4,4,4,4,4,RoadDarkSoil6A
None,None,None,DarkSoil,Road,Level0,Invalid,187,0,0,8,8,0,8,8,8,8,8,8,8,8,8,8,8,0,4,4,4,4,4,4,4,4,4,4,4,4,4,4,4,4,RoadDarkSoil6B
None,None,None,DarkSoil,Road,Level0,Invalid,188,0,0,8,8,0,8,8,8,8,8,8,8,8,8,8,8,8,4,4,4,4,4,4,4,4,4,4,4,4,4,4,4,4,RoadDarkSoil7A
None,None,None,DarkSoil,Road,Level0,Invalid,189,0,0,8,8,8,8,8,8,8,8,8,8,8,8,8,8,8,4,4,4,4,4,4,4,4,4,4,4,4,4,4,4,4,RoadDarkSoil8A
None,None,None,Base,Road,Level0,Invalid,190,0,0,0,0,0,0,9,9,0,0,9,9,0,0,0,0,0,4,4,4,4,4,4,4,4,4,4,4,4,4,4,4,4,RoadFanPattern0A
None,Slant,None,Base,Road,Level0,UpperLeft,191,0,0,0,0,0,0,9,9,0,0,9,9,0,0,0,0,0,4,4,4,4,4,4,4,4,4,4,4,4,4,4,4,4,RoadFanPattern0B
None,None,None,Base,Road,Level0,Invalid,193,0,0,0,0,0,0,9,9,9,0,9,9,9,0,0,0,0,4,4,4,4,4,4,4,4,4,4,4,4,4,4,4,4,RoadFanPattern1A
None,Slant,None,Base,Road,Level0,UpperLeft,194,0,0,0,0,0,0,9,9,9,0,9,9,9,0,0,0,0,4,4,4,4,4,4,4,4,4,4,4,4,4,4,4,4,RoadFanPattern1B
None,Slant,None,Base,Road,Level0,UpperRight,195,0,0,0,0,0,0,9,9,9,0,9,9,9,0,0,0,0,4,4,4,4,4,4,4,4,4,4,4,4,4,4,4,4,RoadFanPattern1C
None,None,None,Base,Road,Level0,Invalid,196,0,0,0,0,0,9,9,9,9,9,9,9,9,0,0,0,0,4,4,4,4,4,4,4,4,4,4,4,4,4,4,4,4,RoadFanPattern2A
None,Slant,None,Base,Road,Level0,UpperLeft,197,0,0,0,0,0,0,9,9,9,0,9,9,9,0,9,9,0,4,4,4,4,4,4,4,4,4,4,4,4,4,4,4,4,RoadFanPattern2B
None,Right,None,Base,Road,Level0,UpperLeft,198,0,0,0,0,0,0,9,9,9,0,9,9,9,0,9,9,0,4,4,4,4,4,4,4,4,4,4,4,4,4,4,4,4,RoadFanPattern2C
None,None,None,Base,Road,Level0,Invalid,199,0,0,0,0,0,9,9,9,9,9,9,9,9,0,9,9,0,4,4,4,4,4,4,4,4,4,4,4,4,4,4,4,4,RoadFanPattern3A
None,Slant,None,Base,Road,Level0,UpperLeft,200,0,0,0,0,0,0,9,9,9,0,9,9,9,0,9,9,9,4,4,4,4,4,4,4,4,4,4,4,4,4,4,4,4,RoadFanPattern3B
None,Right,None,Base,Road,Level0,UpperLeft,201,0,0,0,0,0,0,9,9,9,0,9,9,9,0,9,9,9,4,4,4,4,4,4,4,4,4,4,4,4,4,4,4,4,RoadFanPattern3C
None,None,None,Base,Road,Level0,Invalid,202,0,0,0,0,0,9,9,9,9,9,9,9,9,0,9,9,9,4,4,4,4,4,4,4,4,4,4,4,4,4,4,4,4,RoadFanPattern4A
None,None,None,Base,Road,Level0,Invalid,203,0,0,0,0,0,9,9,9,9,9,9,9,9,9,9,9,0,4,4,4,4,4,4,4,4,4,4,4,4,4,4,4,4,RoadFanPattern4B
None,None,None,Base,Road,Level0,Invalid,204,0,0,9,9,0,9,9,9,9,9,9,9,9,0,9,9,0,4,4,4,4,4,4,4,4,4,4,4,4,4,4,4,4,RoadFanPattern4C
None,None,None,Base,Road,Level0,Invalid,205,0,0,9,9,9,9,9,9,9,9,9,9,9,0,9,9,0,4,4,4,4,4,4,4,4,4,4,4,4,4,4,4,4,RoadFanPattern5A
None,None,None,Base,Road,Level0,Invalid,206,0,0,0,0,0,9,9,9,9,9,9,9,9,9,9,9,9,4,4,4,4,4,4,4,4,4,4,4,4,4,4,4,4,RoadFanPattern5B
None,None,None,Base,Road,Level0,Invalid,207,0,0,9,9,9,9,9,9,9,9,9,9,9,9,9,9,0,4,4,4,4,4,4,4,4,4,4,4,4,4,4,4,4,RoadFanPattern6A
None,None,None,StonePattern,Road,Level0,Invalid,208,0,0,9,9,0,9,9,9,9,9,9,9,9,9,9,9,0,4,4,4,4,4,4,4,4,4,4,4,4,4,4,4,4,RoadFanPattern6B
None,None,None,StonePattern,Road,Level0,Invalid,209,0,0,9,9,0,9,9,9,9,9,9,9,9,9,9,9,9,4,4,4,4,4,4,4,4,4,4,4,4,4,4,4,4,RoadFanPattern7A
None,None,None,StonePattern,Road,Level0,Invalid,210,0,0,9,9,9,9,9,9,9,9,9,9,9,9,9,9,9,4,4,4,4,4,4,4,4,4,4,4,4,4,4,4,4,RoadFanPattern8A
None,None,None,Base,Road,Level0,Invalid,211,0,0,0,0,0,0,10,10,0,0,10,10,0,0,0,0,0,4,4,4,4,4,4,4,4,4,4,4,4,4,4,4,4,RoadSand0A
None,Slant,None,Base,Road,Level0,UpperLeft,212,0,0,0,0,0,0,10,10,0,0,10,10,0,0,0,0,0,4,4,4,4,4,4,4,4,4,4,4,4,4,4,4,4,RoadSand0B
None,None,None,Base,Road,Level0,Invalid,214,0,0,0,0,0,0,10,10,10,0,10,10,10,0,0,0,0,4,4,4,4,4,4,4,4,4,4,4,4,4,4,4,4,RoadSand1A
None,Slant,None,Base,Road,Level0,UpperLeft,215,0,0,0,0,0,0,10,10,10,0,10,10,10,0,0,0,0,4,4,4,4,4,4,4,4,4,4,4,4,4,4,4,4,RoadSand1B
None,Slant,None,Base,Road,Level0,UpperRight,216,0,0,0,0,0,0,10,10,10,0,10,10,10,0,0,0,0,4,4,4,4,4,4,4,4,4,4,4,4,4,4,4,4,RoadSand1C
None,None,None,Base,Road,Level0,Invalid,217,0,0,0,0,0,10,10,10,10,10,10,10,10,0,0,0,0,4,4,4,4,4,4,4,4,4,4,4,4,4,4,4,4,RoadSand2A
None,Slant,None,Base,Road,Level0,UpperLeft,218,0,0,0,0,0,0,10,10,10,0,10,10,10,0,10,10,0,4,4,4,4,4,4,4,4,4,4,4,4,4,4,4,4,RoadSand2B
None,Right,None,Base,Road,Level0,UpperLeft,219,0,0,0,0,0,0,10,10,10,0,10,10,10,0,10,10,0,4,4,4,4,4,4,4,4,4,4,4,4,4,4,4,4,RoadSand2C
None,None,None,Base,Road,Level0,Invalid,220,0,0,0,0,0,10,10,10,10,10,10,10,10,0,10,10,0,4,4,4,4,4,4,4,4,4,4,4,4,4,4,4,4,RoadSand3A
None,Slant,None,Base,Road,Level0,UpperLeft,221,0,0,0,0,0,0,10,10,10,0,10,10,10,0,10,10,10,4,4,4,4,4,4,4,4,4,4,4,4,4,4,4,4,RoadSand3B
None,Right,None,Base,Road,Level0,UpperLeft,222,0,0,0,0,0,0,10,10,10,0,10,10,10,0,10,10,10,4,4,4,4,4,4,4,4,4,4,4,4,4,4,4,4,RoadSand3C
None,None,None,Base,Road,Level0,Invalid,223,0,0,0,0,0,10,10,10,10,10,10,10,10,0,10,10,10,4,4,4,4,4,4,4,4,4,4,4,4,4,4,4,4,RoadSand4A
None,None,None,Base,Road,Level0,Invalid,224,0,0,0,0,0,10,10,10,10,10,10,10,10,10,10,10,0,4,4,4,4,4,4,4,4,4,4,4,4,4,4,4,4,RoadSand4B
None,None,None,Base,Road,Level0,Invalid,225,0,0,10,10,0,10,10,10,10,10,10,10,10,0,10,10,0,4,4,4,4,4,4,4,4,4,4,4,4,4,4,4,4,RoadSand4C
None,None,None,Base,Road,Level0,Invalid,226,0,0,10,10,10,10,10,10,10,10,10,10,10,0,10,10,0,4,4,4,4,4,4,4,4,4,4,4,4,4,4,4,4,RoadSand5A
None,None,None,Base,Road,Level0,Invalid,227,0,0,0,0,0,10,10,10,10,10,10,10,10,10,10,10,10,4,4,4,4,4,4,4,4,4,4,4,4,4,4,4,4,RoadSand5B
None,None,None,Base,Road,Level0,Invalid,228,0,0,10,10,10,10,10,10,10,10,10,10,10,10,10,10,0,4,4,4,4,4,4,4,4,4,4,4,4,4,4,4,4,RoadSand6A
None,None,None,Sand,Road,Level0,Invalid,229,0,0,10,10,0,10,10,10,10,10,10,10,10,10,10,10,0,4,4,4,4,4,4,4,4,4,4,4,4,4,4,4,4,RoadSand6B
None,None,None,Sand,Road,Level0,Invalid,230,0,0,10,10,0,10,10,10,10,10,10,10,10,10,10,10,10,4,4,4,4,4,4,4,4,4,4,4,4,4,4,4,4,RoadSand7A
None,None,None,Sand,Road,Level0,Invalid,231,0,0,10,10,10,10,10,10,10,10,10,10,10,10,10,10,10,4,4,4,4,4,4,4,4,4,4,4,4,4,4,4,4,RoadSand8A
None,None,None,Base,Road,Level0,Invalid,232,0,0,0,0,0,0,11,11,0,0,11,11,0,0,0,0,0,4,4,4,4,4,4,4,4,4,4,4,4,4,4,4,4,RoadTile0A
None,Slant,None,Base,Road,Level0,UpperLeft,233,0,0,0,0,0,0,11,11,0,0,11,11,0,0,0,0,0,4,4,4,4,4,4,4,4,4,4,4,4,4,4,4,4,RoadTile0B
None,None,None,Base,Road,Level0,Invalid,235,0,0,0,0,0,0,11,11,11,0,11,11,11,0,0,0,0,4,4,4,4,4,4,4,4,4,4,4,4,4,4,4,4,RoadTile1A
None,Slant,None,Base,Road,Level0,UpperLeft,236,0,0,0,0,0,0,11,11,11,0,11,11,11,0,0,0,0,4,4,4,4,4,4,4,4,4,4,4,4,4,4,4,4,RoadTile1B
None,Slant,None,Base,Road,Level0,UpperRight,237,0,0,0,0,0,0,11,11,11,0,11,11,11,0,0,0,0,4,4,4,4,4,4,4,4,4,4,4,4,4,4,4,4,RoadTile1C
None,None,None,Base,Road,Level0,Invalid,238,0,0,0,0,0,11,11,11,11,11,11,11,11,0,0,0,0,4,4,4,4,4,4,4,4,4,4,4,4,4,4,4,4,RoadTile2A
None,Slant,None,Base,Road,Level0,UpperLeft,239,0,0,0,0,0,0,11,11,11,0,11,11,11,0,11,11,0,4,4,4,4,4,4,4,4,4,4,4,4,4,4,4,4,RoadTile2B
None,Right,None,Base,Road,Level0,UpperLeft,240,0,0,0,0,0,0,11,11,11,0,11,11,11,0,11,11,0,4,4,4,4,4,4,4,4,4,4,4,4,4,4,4,4,RoadTile2C
None,None,None,Base,Road,Level0,Invalid,241,0,0,0,0,0,11,11,11,11,11,11,11,11,0,11,11,0,4,4,4,4,4,4,4,4,4,4,4,4,4,4,4,4,RoadTile3A
None,Slant,None,Base,Road,Level0,UpperLeft,242,0,0,0,0,0,0,11,11,11,0,11,11,11,0,11,11,11,4,4,4,4,4,4,4,4,4,4,4,4,4,4,4,4,RoadTile3B
None,Right,None,Base,Road,Level0,UpperLeft,243,0,0,0,0,0,0,11,11,11,0,11,11,11,0,11,11,11,4,4,4,4,4,4,4,4,4,4,4,4,4,4,4,4,RoadTile3C
None,None,None,Base,Road,Level0,Invalid,244,0,0,0,0,0,11,11,11,11,11,11,11,11,0,11,11,11,4,4,4,4,4,4,4,4,4,4,4,4,4,4,4,4,RoadTile4A
None,None,None,Base,Road,Level0,Invalid,245,0,0,0,0,0,11,11,11,11,11,11,11,11,11,11,11,0,4,4,4,4,4,4,4,4,4,4,4,4,4,4,4,4,RoadTile4B
None,None,None,Base,Road,Level0,Invalid,246,0,0,11,11,0,11,11,11,11,11,11,11,11,0,11,11,0,4,4,4,4,4,4,4,4,4,4,4,4,4,4,4,4,RoadTile4C
None,None,None,Base,Road,Level0,Invalid,247,0,0,11,11,11,11,11,11,11,11,11,11,11,0,11,11,0,4,4,4,4,4,4,4,4,4,4,4,4,4,4,4,4,RoadTile5A
None,None,None,Base,Road,Level0,Invalid,248,0,0,0,0,0,11,11,11,11,11,11,11,11,11,11,11,11,4,4,4,4,4,4,4,4,4,4,4,4,4,4,4,4,RoadTile5B
None,None,None,Base,Road,Level0,Invalid,249,0,0,11,11,11,11,11,11,11,11,11,11,11,11,11,11,0,4,4,4,4,4,4,4,4,4,4,4,4,4,4,4,4,RoadTile6A
None,None,None,Tile,Road,Level0,Invalid,250,0,0,11,11,0,11,11,11,11,11,11,11,11,11,11,11,0,4,4,4,4,4,4,4,4,4,4,4,4,4,4,4,4,RoadTile6B
None,None,None,Tile,Road,Level0,Invalid,251,0,0,11,11,0,11,11,11,11,11,11,11,11,11,11,11,11,4,4,4,4,4,4,4,4,4,4,4,4,4,4,4,4,RoadTile7A
None,None,None,Tile,Road,Level0,Invalid,252,0,0,11,11,11,11,11,11,11,11,11,11,11,11,11,11,11,4,4,4,4,4,4,4,4,4,4,4,4,4,4,4,4,RoadTile8A
None,None,None,Base,Road,Level0,Invalid,253,0,0,0,0,0,0,12,12,0,0,12,12,0,0,0,0,0,4,4,4,4,4,4,4,4,4,4,4,4,4,4,4,4,RoadWood0A
None,Slant,None,Base,Road,Level0,UpperLeft,254,0,0,0,0,0,0,12,12,0,0,12,12,0,0,0,0,0,4,4,4,4,4,4,4,4,4,4,4,4,4,4,4,4,RoadWood0B
None,None,None,Base,Road,Level0,Invalid,256,0,0,0,0,0,0,12,12,12,0,12,12,12,0,0,0,0,4,4,4,4,4,4,4,4,4,4,4,4,4,4,4,4,RoadWood1A
None,Slant,None,Base,Road,Level0,UpperLeft,257,0,0,0,0,0,0,12,12,12,0,12,12,12,0,0,0,0,4,4,4,4,4,4,4,4,4,4,4,4,4,4,4,4,RoadWood1B
None,Slant,None,Base,Road,Level0,UpperRight,258,0,0,0,0,0,0,12,12,12,0,12,12,12,0,0,0,0,4,4,4,4,4,4,4,4,4,4,4,4,4,4,4,4,RoadWood1C
None,None,None,Base,Road,Level0,Invalid,259,0,0,0,0,0,12,12,12,12,12,12,12,12,0,0,0,0,4,4,4,4,4,4,4,4,4,4,4,4,4,4,4,4,RoadWood2A
None,Slant,None,Base,Road,Level0,UpperLeft,260,0,0,0,0,0,0,12,12,12,0,12,12,12,0,12,12,0,4,4,4,4,4,4,4,4,4,4,4,4,4,4,4,4,RoadWood2B
None,Right,None,Base,Road,Level0,UpperLeft,261,0,0,0,0,0,0,12,12,12,0,12,12,12,0,12,12,0,4,4,4,4,4,4,4,4,4,4,4,4,4,4,4,4,RoadWood2C
None,None,None,Base,Road,Level0,Invalid,262,0,0,0,0,0,12,12,12,12,12,12,12,12,0,12,12,0,4,4,4,4,4,4,4,4,4,4,4,4,4,4,4,4,RoadWood3A
None,Slant,None,Base,Road,Level0,UpperLeft,263,0,0,0,0,0,0,12,12,12,0,12,12,12,0,12,12,12,4,4,4,4,4,4,4,4,4,4,4,4,4,4,4,4,RoadWood3B
None,Right,None,Base,Road,Level0,UpperLeft,264,0,0,0,0,0,0,12,12,12,0,12,12,12,0,12,12,12,4,4,4,4,4,4,4,4,4,4,4,4,4,4,4,4,RoadWood3C
None,None,None,Base,Road,Level0,Invalid,265,0,0,0,0,0,12,12,12,12,12,12,12,12,0,12,12,12,4,4,4,4,4,4,4,4,4,4,4,4,4,4,4,4,RoadWood4A
None,None,None,Base,Road,Level0,Invalid,266,0,0,0,0,0,12,12,12,12,12,12,12,12,12,12,12,0,4,4,4,4,4,4,4,4,4,4,4,4,4,4,4,4,RoadWood4B
None,None,None,Base,Road,Level0,Invalid,267,0,0,12,12,0,12,12,12,12,12,12,12,12,0,12,12,0,4,4,4,4,4,4,4,4,4,4,4,4,4,4,4,4,RoadWood4C
None,None,None,Base,Road,Level0,Invalid,268,0,0,12,12,12,12,12,12,12,12,12,12,12,0,12,12,0,4,4,4,4,4,4,4,4,4,4,4,4,4,4,4,4,RoadWood5A
None,None,None,Base,Road,Level0,Invalid,269,0,0,0,0,0,12,12,12,12,12,12,12,12,12,12,12,12,4,4,4,4,4,4,4,4,4,4,4,4,4,4,4,4,RoadWood5B
None,None,None,Base,Road,Level0,Invalid,270,0,0,12,12,12,12,12,12,12,12,12,12,12,12,12,12,0,4,4,4,4,4,4,4,4,4,4,4,4,4,4,4,4,RoadWood6A
None,None,None,Wood,Road,Level0,Invalid,271,0,0,12,12,0,12,12,12,12,12,12,12,12,12,12,12,0,4,4,4,4,4,4,4,4,4,4,4,4,4,4,4,4,RoadWood6B
None,None,None,Wood,Road,Level0,Invalid,272,0,0,12,12,0,12,12,12,12,12,12,12,12,12,12,12,12,4,4,4,4,4,4,4,4,4,4,4,4,4,4,4,4,RoadWood7A
None,None,None,Wood,Road,Level0,Invalid,273,0,0,12,12,12,12,12,12,12,12,12,12,12,12,12,12,12,4,4,4,4,4,4,4,4,4,4,4,4,4,4,4,4,RoadWood8A
