AppearArea*,AppearType*,BuoyLv*,EscapeScale,FishMuseumAction*,4108715d string,SearchRadius*,ShadowType*,ItemID,OpenDonatedNum,ToyItemID,UniqueID,DebugName,IsCreateBait,e91fc27 u8,Label,1f875d3d string32,ResName,ResNameMuseum
0,River,1,3F800000,AntiStream,41200000,2,M,2237,0,6936,24,アユ,1,0,Ayu,SysFishBoneRes3,FishAyu,FishAyuMuseum
0,Pond,1,3F800000,KeepSwimming,41200000,1,S,5254,20,7009,135,ランチュウ,1,0,Ranchu,SysFishBoneRes3,FishRanchu,FishRanchu
0,River,0,3F800000,KeepSwimming,41200000,2,L,2250,50,6935,37,アロワナ,1,0,Arowana,SysFishBoneRes4,FishArowana,FishArowanaMuseum
0,River,2,3F800000,AntiStream,41200000,1,M,2233,0,7028,20,イエローパーチ,1,0,Yellowparch,SysFishBoneRes3,FishYellowparch,FishYellowparchMuseum
0,River,3,3F800000,AntiStream,41200000,3,M,2217,0,7024,3,ウグイ,1,0,Ugui,SysFishBoneRes3,FishUgui,FishUguiMuseum
0,River,3,3F800000,RoundsSwimming,41200000,2,S,2247,20,6933,34,エンゼルフィッシュ,1,0,Angelfish,SysFishBoneRes3,FishAngelfish,FishAngelfish
0,River,1,3F800000,KeepSwimming,41200000,1,L,2254,20,6950,41,エンドリケリー,1,0,Endorikerii,SysFishBoneRes4,FishEndorikerii,FishEndorikerii
0,River,3,3F800000,AntiStream,41200000,3,SS,2216,0,7000,1,オイカワ,1,0,Oikawa,SysFishBoneRes3,FishOikawa,FishOikawaMuseum
0,River,1,3F800000,Float,41200000,2,L,4192,0,6964,125,カミツキガメ,1,0,Kamitsukigame,,FishKamitsukigame,FishKamitsukigame
0,River,3,3F800000,ChasePlayer,41200000,2,SS,2245,0,6954,32,グッピー,1,0,Guppi,SysFishBoneRes3,FishGuppi,FishGuppi
0,River,1,3F800000,Float,41200000,1,S,2244,20,7019,31,シャンハイガニ,1,0,Syanhaigani,,FishSyanhaigani,FishSyanhaigani
0,River,1,3F800000,KeepSwimming,41A00000,1,L,2224,20,7017,11,スッポン,1,0,Suppon,SysFishBoneResSuppon,FishSuppon,FishSuppon
0,River,1,3F800000,RoundsSwimming,41200000,2,SS,2215,0,6931,0,タナゴ,1,0,Tanago,SysFishBoneRes3,FishTanago,FishTanago
0,River,1,3F800000,AntiStream,41200000,2,M,4190,0,7022,123,ティラピア,1,0,Thirapia,SysFishBoneRes3,FishThirapia,FishThirapiaMuseum
0,Pond,3,3F800000,RoundsSwimming,41200000,2,SS,2221,0,6942,8,デメキン,1,0,Demekin,SysFishBoneRes3,FishDemekin,FishDemekin
0,River,2,3F800000,RoundsSwimming,41200000,1,SS,2246,20,6945,33,ドクターフィッシュ,1,0,Dokutaafish,SysFishBoneRes2,FishDokutaafish,FishDokutaafish
0,River,3,3F800000,KeepSwimming,41200000,3,S,2228,0,6944,15,ドジョウ,1,0,Dojou,SysFishBoneRes3,FishDojou,FishDojou
0,River,0,3F800000,KeepSwimming,41200000,1,LL,2251,100,7837,38,ドラド,1,0,Dolado,SysFishBoneRes4,FishDolado,FishDoladoMuseum
0,River,4,3F800000,Float,41200000,2,S,2227,0,6946,14,ドンコ,1,0,Donko,,FishDonko,FishDonkoMuseum
0,River,3,3F800000,RoundsSwimming,41200000,2,SS,2248,0,6990,35,ネオンテトラ,1,0,Neontetora,SysFishBoneRes2,FishNeontetora,FishNeontetora
0,River,2,3F800000,KeepSwimming,41200000,2,LL,2235,20,7004,22,パイク,1,0,Paiku,SysFishBoneResPaiku,FishPaiku,FishPaiku
0,River,4,3F800000,ChasePlayer,41200000,4,S,2249,20,7005,36,ピラニア,1,0,Pirania,SysFishBoneRes3,FishPirania,FishPiraniaMuseum
0,River,0,3F800000,KeepSwimming,41400000,1,LLL,2253,50,7006,40,ピラルク,1,1,Piraruku,SysFishBoneResPiraruku,FishPiraruku,FishPirarukuMuseum
0,River,4,3F800000,AntiStream,41200000,3,S,328,0,6929,2,フナ,1,0,Funa,SysFishBoneRes3,FishFuna,FishFunaMuseum
0,River,2,3F800000,KeepSwimming,41200000,2,L,2234,0,6938,21,ブラックバス,1,0,Blackbass,SysFishBoneRes3,FishBlackbass,FishBlackbass
0,River,4,3F800000,KeepSwimming,41200000,4,S,2232,0,6939,19,ブルーギル,1,0,Blueguill,SysFishBoneRes3,FishBlueguill,FishBlueguill
0,River,1,3F800000,KeepSwimming,41200000,1,S,4191,20,6937,124,ベタ,1,0,Beta,SysFishBoneRes4,FishBeta,FishBeta
0,River,1,3F800000,RoundsSwimming,41200000,1,SS,4194,0,7008,127,レインボーフィッシュ,1,0,Rainbowfish,SysFishBoneRes2,FishRainbowfish,FishRainbowfish
0,River,3,3F800000,AntiStream,41200000,3,S,2236,0,7026,23,ワカサギ,1,0,Wakasagi,SysFishBoneRes3,FishWakasagi,FishWakasagiMuseum
0,RiverCliffTop,0,3F800000,AntiStream,41200000,0,LL,2241,100,6960,28,イトウ,1,0,Itou,SysFishBoneRes4,FishItou,FishItouMuseum
0,RiverCliffTop,1,3F800000,AntiStream,41200000,1,M,2239,20,7003,26,オオイワナ,1,0,Ooiwana,SysFishBoneRes3,FishOoiwana,FishOoiwanaMuseum
0,RiverCliffTop,0,3F800000,AntiStream,41200000,0,M,4193,100,6953,126,ゴールデントラウト,1,0,GoldenTorauto,SysFishBoneRes3,FishGoldenTorauto,FishGoldenTorautoMuseum
0,RiverCliffTop,2,3F800000,AntiStream,41200000,1,M,2238,0,7027,25,ヤマメ,1,0,Yamame,SysFishBoneRes3,FishYamame,FishYamameMuseum
0,Pond,3,3F800000,Float,41200000,4,SS,2225,0,7001,12,オタマジャクシ,1,0,Otamajakusi,,FishOtamajakusi,FishOtamajakusi
0,Pond,1,3F800000,KeepSwimming,41200000,3,LL,2252,50,6952,39,ガー,1,0,Ga,SysFishBoneResGa,FishGa,FishGa
0,Pond,3,3F800000,Float,41200000,4,S,2226,0,6962,13,カエル,1,0,Kaeru,,FishKaeru,FishKaeru
0,Pond,3,3F800000,RoundsSwimming,41200000,2,SS,329,0,6930,7,キンギョ,1,0,Kingyo,SysFishBoneRes3,FishKingyo,FishKingyo
0,Pond,4,3F800000,KeepSwimming,41200000,2,L,2219,0,6980,5,コイ,1,0,Koi,SysFishBoneRes3,FishKoi,FishKoi
0,Pond,4,3F800000,Float,41200000,4,S,2223,0,7029,10,ザリガニ,1,0,Zarigani,,FishZarigani,FishZarigani
0,Pond,2,3F800000,Float,41200000,2,L,2229,0,6987,16,ナマズ,1,0,Namazu,,FishNamazu,FishNamazu
0,Pond,3,3F800000,KeepSwimming,41200000,2,L,2220,20,6991,6,ニシキゴイ,1,0,Nishikigoi,SysFishBoneRes3,FishNishikigoi,FishNishikigoi
0,Pond,2,3F800000,RoundsSwimming,41200000,2,SS,2222,0,6985,9,メダカ,1,0,Medaka,SysFishBoneRes2,FishMedaka,FishMedaka
0,Pond,1,3F800000,Float,41200000,2,L,2231,50,7007,18,ライギョ,1,0,Raigyo,SysFishBoneRes3,FishRaigyo,FishRaigyo
0,BrackishWater,1,3F800000,AntiStream,41200000,2,LL,2243,20,6978,30,キングサーモン,1,0,Kingsalmon,SysFishBoneRes3,FishKingsalmon,FishKingsalmonMuseum
0,BrackishWater,2,3F800000,AntiStream,41200000,2,L,2242,0,7012,29,サケ,1,0,Sake,SysFishBoneRes3,FishSake,FishSakeMuseum
0,BrackishWater,0,3F800000,AntiStream,41200000,0,LLL,4189,20,7023,122,チョウザメ,1,1,Tyouzame,SysFishBoneRes5,FishTyouzame,FishTyouzameMuseum
0,Sea,4,3F800000,KeepSwimming,0,3,S,2264,0,6932,51,アジ,1,0,Aji,SysFishBoneRes4,FishAji,FishAji
0,Sea,4,3F800000,Legion,41200000,4,S,4201,0,6999,128,アンチョビ,1,0,Antyobi,SysFishBoneResAntyobi,FishAntyobi,FishAntyobiMuseum
0,Sea,3,3F800000,KeepSwimming,41200000,3,M,2270,0,6958,57,イカ,1,0,Ika,SysFishBoneRes2,FishIka,FishIka
0,Sea,1,3F800000,RoundsSwimming,41200000,2,M,2265,20,6959,52,イシダイ,1,0,Ishidai,SysFishBoneRes3,FishIshidai,FishIshidai
0,Sea,3,3F800000,KeepSwimming,42200000,2,U,2271,20,7025,58,ウツボ,1,0,Utsubo,SysFishBoneResUtsubo,FishUtsubo,FishUtsuboMuseum
0,Sea,3,3F800000,SwimAndWait,420C0000,2,LL,2277,20,6949,64,エイ,1,0,Ei,SysFishBoneResEi,FishEi,FishEiMuseum
0,SeaBeachBridge,0,3F800000,Predator,0,1,LLL,2275,50,6963,62,カジキ,1,1,Kajiki,SysFishBoneRes4,FishKajiki,FishKajikiMuseum
0,Sea,3,3F800000,KeepSwimming,41200000,2,M,2268,0,6965,55,カレイ,1,0,Karei,SysFishBoneRes4,FishKarei,FishKarei
0,Sea,2,3F800000,KeepSwimming,41200000,2,SS,2257,0,6981,44,クマノミ,1,0,Kumanomi,SysFishBoneRes2,FishKumanomi,FishKumanomi
0,Sea,3,3F800000,KeepSwimming,41200000,0,SS,2255,0,6982,42,クリオネ,1,0,Kurione,SysFishBoneRes2,FishKurione,FishKurione
0,Sea,4,3F800000,KeepSwimming,41200000,4,K,4203,20,6979,130,コバンザメ,1,0,Kobanzame,SysFishBoneRes3,FishKobanzame,FishKobanzameMuseum
0,Sea,0,3F800000,KeepSwimming,41A00000,1,J,2280,50,7013,67,サメ,1,1,Same,SysFishBoneResSame,FishSame,FishSameMuseum
0,SeaBeachBridge,0,3F800000,Predator,41200000,0,LL,4202,50,7014,129,シイラ,1,1,Shiira,SysFishBoneRes4,FishShiira,FishShiiraMuseum
0,Sea,0,3F800000,KeepSwimming,0,0,LLL,2284,100,7016,71,シーラカンス,1,1,Sirakansu,SysFishBoneResSirakansu,FishSirakansu,FishSirakansu
0,Sea,1,3F800000,KeepSwimming,41F00000,1,J,2279,20,7015,66,シュモクザメ,1,1,Shumokuzame,SysFishBoneRes5,FishShumokuzame,FishShumokuzameMuseum
0,Sea,0,3F800000,KeepSwimming,41400000,0,J,2282,50,6961,69,ジンベエザメ,1,1,Jinbeezame,SysFishBoneResJinbeezame,FishJinbeezame,FishJinbeezameMuseum
0,Sea,3,3F800000,KeepSwimming,41200000,3,LL,2266,0,7018,53,スズキ,1,0,Suzuki,SysFishBoneRes4,FishSuzuki,FishSuzukiMuseum
0,Sea,1,3F800000,RoundsSwimming,41200000,2,L,2267,0,7020,54,タイ,1,0,Tai,SysFishBoneRes3,FishTai,FishTaiMuseum
0,Sea,2,3F800000,RoundsSwimming,41200000,1,SS,2256,0,7021,43,タツノオトシゴ,1,0,Tatsunootoshigo,,FishTatsunootoshigo,FishTatsunootoshigo
0,Sea,3,3F800000,KeepSwimming,41200000,2,S,2259,0,6941,46,チョウチョウウオ,1,0,Chouchouuo,SysFishBoneRes3,FishChouchouuo,FishChouchouuo
0,Sea,4,3F800000,KeepSwimming,41200000,3,L,2273,20,6940,60,チョウチンアンコウ,1,0,Chouchinankou,SysFishBoneRes3,FishChouchinankou,FishChouchinankou
0,Sea,0,3F800000,KeepSwimming,41200000,0,S,4204,100,6943,131,デメニギス,1,0,Demenigisu,SysFishBoneRes2,FishDemenigisu,FishDemenigisu
0,Sea,1,3F800000,KeepSwimming,41200000,2,LLL,2260,50,6989,47,ナポレオンフィッシュ,1,1,Naporeonfish,SysFishBoneRes4,FishNaporeonfish,FishNaporeonfish
0,Sea,3,3F800000,KeepSwimming,41200000,2,S,2258,0,6988,45,ナンヨウハギ,1,0,Nanyouhagi,SysFishBoneRes2,FishNanyouhagi,FishNanyouhagi
0,Sea,1,3F800000,SwimAndWait,41A00000,0,J,2281,50,7002,68,ノコギリザメ,1,0,Nokogirizame,SysFishBoneResNokogirizame,FishNokogirizame,FishNokogirizameMuseum
0,Sea,1,3F800000,Float,41200000,0,U,2272,0,6955,59,ハナヒゲウツボ,1,0,Hanahigeutubo,,FishHanahigeutubo,FishHanahigeutubo
0,Sea,3,3F800000,KeepSwimming,41200000,2,M,2263,0,6956,50,ハリセンボン,1,0,Harisenbon,SysFishBoneRes2,FishHarisenbon,FishHarisenbon
0,Sea,2,3F800000,KeepSwimming,42200000,1,LL,2269,0,6957,56,ヒラメ,1,0,Hirame,SysFishBoneRes4,FishHirame,FishHirameMuseum
0,Sea,2,3F800000,RoundsSwimming,41200000,0,M,2262,20,6951,49,フグ,1,0,Fugu,SysFishBoneRes2,FishFugu,FishFugu
0,SeaBeachBridge,0,3F800000,Predator,0,1,LLL,2274,50,6983,61,マグロ,1,1,Maguro,SysFishBoneRes4,FishMaguro,FishMaguroMuseum
0,Sea,1,3F800000,KeepSwimming,0,0,J,2278,20,6984,65,マンボウ,1,1,Manbou,,FishManbou,FishManbouMuseum
0,Sea,4,3F800000,RoundsSwimming,41200000,3,M,2261,0,7836,48,ミノカサゴ,1,0,Minokasago,SysFishBoneRes3,FishMinokasago,FishMinokasago
0,Sea,1,3F800000,Float,41200000,0,LLL,2283,50,7011,70,リュウグウノツカイ,1,1,Ryuuguunotukai,,FishRyuuguunotukai,FishRyuuguunotukai
0,SeaBeachBridge,0,3F800000,Predator,41200000,0,LL,2276,20,7010,63,ロウニンアジ,1,0,Rouninaji,SysFishBoneRes4,FishRouninaji,FishRouninajiMuseum
0,Anywhere,4,0,KeepSwimming,41200000,4,S,3466,0,6931,132,あきカン,0,0,Can,,,cvrt_fsh_aji
0,Anywhere,4,0,KeepSwimming,41200000,4,M,3469,0,6931,133,ながぐつ,0,0,Boot,,,cvrt_fsh_aji
0,Anywhere,4,0,KeepSwimming,41200000,4,L,3470,0,6931,134,タイヤ,0,0,Tire,,,cvrt_fsh_aji
0,Anywhere,4,3F800000,KeepSwimming,41200000,4,SS,2502,0,6931,136,いし,0,0,Stone,,,cvrt_fsh_aji
0,Anywhere,3,0,KeepSwimming,41200000,2,M,12514,0,6931,137,サカナのタマゴ,0,0,FishEgg,,,cvrt_fsh_aji
