BgCheckType,ChangeDemo,ObjCheckRate,ObjCheckType,PacketType,RemoteChase,ToolState,AcceptAccess,f413acd2 u8,833e2942 u8,BeesRunAway,BgmEnd,497ac4d6 u8,63f77486 u8,5dcf7b24 u8,16e483f0 u8,aa0070b7 u8,DemoNetLockState,DummyMenuDemo,EnableRodCloth,EnableStageChange,ForbidOverwrite,e550abdf u8,HideHUD,InWaterBody,JudgeVisibleOn,ede0a8ca u8,87438100 u8,NpcLookAction,5b6d5751 u8,PoseTrans,PoseTransDive,65fd6b0d u8,2b6186a0 u8,95798f28 u8,StateName,StopAutoSave,a84507aa u8,c033d95a u8,ValidDiveRate,WaitType
NoBgCheckNoGravity,Disable,1,None,Overwrite,None,IfNotDemoDraw,0,0,0,0,0,0,1,1,0,1,0,0,0,1,0,0,0,0,0,1,0,0,0,1,0,0,0,0,Hide,0,1,0,0,0
Normal,Disable,1,Heavy,Overwrite,None,Continue,1,0,0,0,0,0,1,1,0,1,0,0,0,1,0,0,0,0,0,0,0,0,0,0,0,0,0,0,WaitNoController,0,1,0,0,0
Normal,Disable,1,Heavy,Overwrite,None,Continue,1,0,0,0,0,0,1,1,0,1,0,0,0,1,0,0,0,0,0,0,0,0,0,0,0,0,0,0,RemoteDummyWaitForbidOverwrite,0,1,0,0,0
NoBgCheckNoGravity,IsDemo,1,None,Overwrite,None,IfNotDemoDraw,1,0,0,0,0,0,1,0,0,1,0,0,0,1,0,0,0,0,0,0,0,0,0,0,0,0,0,0,DevelopMode,0,0,0,0,1
Normal,EnableToDemoStandSpeak,1,Normal,Overwrite,Auto,Continue,1,0,0,0,1,1,1,1,0,1,4,0,1,1,0,0,0,0,0,0,0,0,1,0,0,0,0,0,Wait,0,1,0,0,1
Normal,Disable,1,Normal,Overwrite,None,Continue,0,0,0,0,0,1,1,1,0,1,4,0,1,1,0,0,0,0,1,0,0,0,1,0,0,0,0,0,WaitAfterWarp,0,1,0,0,1
Normal,Disable,1,Heavy,Overwrite,None,Continue,1,1,0,0,0,1,1,1,0,1,0,0,0,1,0,0,0,0,0,1,1,0,1,0,0,0,0,0,SharePlayMainChangeReciveWait,0,1,0,0,0
Normal,Disable,1,Heavy,Overwrite,None,Continue,1,0,0,0,0,1,1,1,0,1,0,0,0,1,0,0,0,0,0,0,0,0,1,0,0,0,0,0,SharePlayMainChangeGet,0,1,0,0,0
Normal,EnableToDemoStandSpeak,1,None,Overwrite,None,Continue,0,0,0,0,0,1,1,1,0,1,0,0,0,1,0,0,0,0,1,0,1,0,1,0,0,0,0,0,SharePlaySubOutdoorStartWait,0,1,0,0,1
Normal,EnableToDemoStandSpeak,1,None,Overwrite,None,Continue,0,0,0,0,0,1,1,1,0,1,0,0,0,1,0,0,0,0,1,0,1,0,1,0,0,0,0,0,SharePlaySubIndoorStartWait,0,1,0,0,1
Normal,EnableToDemoStandSpeak,1,Heavy,Overwrite,None,Continue,0,0,0,0,0,1,1,1,0,1,0,0,0,1,0,0,0,0,1,0,1,0,1,0,0,0,0,0,SharePlaySubStart,0,1,0,0,1
Normal,EnableToDemoStandSpeak,1,Normal,Overwrite,Auto,Continue,1,0,0,0,1,1,1,0,0,1,4,0,1,1,0,0,0,0,0,0,0,1,1,0,0,0,0,0,Move,0,1,0,0,1
Normal,EnableToDemoStandSpeak,1,Normal,Overwrite,Auto,IfNotDemoDraw,1,0,0,0,1,1,1,0,0,1,0,0,1,1,0,0,0,0,0,0,0,1,0,0,0,0,0,0,Turn,0,0,0,0,1
Normal,Disable,1,Heavy,Overwrite,Auto,Continue,1,0,0,0,0,1,1,0,0,1,0,0,1,1,0,0,0,0,0,0,0,1,1,0,0,0,0,0,RemoteMove,0,1,0,0,0
Normal,IsDemo,1,Heavy,Overwrite,None,Continue,1,0,0,0,1,0,1,1,0,1,0,0,1,1,0,0,0,0,0,0,0,0,0,0,0,0,0,0,DemoTalk,0,0,0,0,1
NoBgCheckNoGravity,IsDemo,1,Heavy,Overwrite,None,Continue,1,0,0,0,1,0,1,1,0,1,0,0,0,1,0,0,0,0,0,0,0,0,0,0,0,1,0,0,DemoSitSpeak,0,0,0,0,0
NoBgCheckNoGravity,IsDemo,1,Heavy,Overwrite,None,Continue,1,0,0,0,1,0,1,1,0,1,0,0,0,1,0,0,0,0,0,0,0,0,0,0,0,0,0,0,DemoBedSpeak,0,0,0,0,0
Normal,IsDemo,1,Heavy,Overwrite,None,IfNotDemoDraw,1,0,0,0,1,0,1,1,0,1,0,0,0,1,0,0,0,0,0,0,0,0,0,0,0,0,0,0,DemoSwimSpeak,0,0,0,0,0
Normal,IsDemo,1,Heavy,Overwrite,None,IfNotDemoDraw,1,0,0,0,1,0,1,1,0,1,0,0,0,1,0,0,0,0,0,0,0,0,0,0,0,0,0,0,DemoDiveSpeak,0,0,0,0,0
Normal,IsDemo,1,Heavy,Overwrite,Auto,IfNotDemoDraw,1,0,0,0,1,0,1,1,0,1,0,0,1,1,0,0,0,0,0,0,0,0,1,0,0,0,0,0,DemoWait,0,0,0,0,1
Normal,IsDemo,1,Heavy,Overwrite,Auto,IfNotDemoDraw,1,0,0,0,1,0,1,0,0,1,0,0,1,1,0,0,0,0,0,0,0,0,1,0,0,0,0,0,DemoMove,0,1,0,0,1
Normal,IsDemo,1,Heavy,Overwrite,Auto,IfNotDemoDraw,1,0,0,0,1,0,1,0,0,1,0,0,1,1,0,0,0,0,0,0,0,0,1,0,0,0,0,0,DemoTurn,0,0,0,0,1
OnlyWallNoGravity_SitSpecial,IsDemo,1,Heavy,Overwrite,None,Continue,1,0,0,0,1,1,1,1,0,1,0,0,0,1,0,0,0,0,0,0,0,0,1,0,0,0,0,0,SimpleMutter,1,0,0,0,0
OnlyWallNoGravity_SitSpecial,IsDemo,1,Heavy,Overwrite,None,Continue,1,0,0,0,1,0,1,1,0,1,0,0,1,1,0,1,0,0,0,0,0,0,1,0,0,0,0,0,MenuWait,0,0,0,0,0
OnlyWallNoGravity_SitSpecial,EnableToDemoAll,1,Heavy,Overwrite,None,IfNotDemoDraw,1,0,0,0,0,1,1,1,0,1,0,0,0,1,0,0,0,0,0,0,0,0,0,0,0,0,0,0,EmotionEffectAction,0,1,0,0,0
Normal,Disable,1,Heavy,Overwrite,None,IfNotDemoDraw,1,0,0,0,0,1,0,1,0,1,0,0,0,0,0,1,1,0,0,0,0,0,0,0,0,0,0,0,GroundMakerReady,1,1,0,0,1
Normal,Disable,1,Heavy,Overwrite,None,IfNotDemoDraw,1,0,0,0,0,1,0,1,0,1,0,0,0,0,0,1,1,0,0,0,0,0,0,0,0,0,0,0,GroundMakerReadyWait,1,1,0,0,1
Normal,Disable,1,Heavy,Sequential,None,IfNotDemoDraw,1,0,0,0,0,1,0,1,0,1,0,0,0,0,0,1,1,0,0,0,0,1,0,0,0,0,0,0,GroundMakerAction,1,1,0,0,1
Normal,Disable,1,Heavy,Overwrite,None,IfNotDemoDraw,1,0,0,0,0,1,0,1,0,1,0,0,0,0,0,1,1,0,0,0,0,0,0,0,0,0,0,0,JumpValleyReady,1,1,0,0,1
Normal,Disable,1,Heavy,Overwrite,None,IfNotDemoDraw,1,0,0,0,0,1,0,1,0,1,0,0,0,0,0,1,1,0,0,0,0,0,0,0,0,0,0,0,JumpValleyReadyWait,1,1,0,0,1
NoBgCheckUseGravity,Disable,1,Heavy,Sequential,None,IfNotDemoDraw,1,0,0,0,0,1,0,0,0,1,0,0,0,0,0,1,1,0,0,0,0,0,0,0,0,0,0,0,JumpValley,1,1,0,0,1
Normal,Disable,1,Heavy,Overwrite,None,IfNotDemoDraw,1,0,0,0,0,1,0,1,0,1,0,0,0,0,0,1,1,0,0,0,0,0,0,0,0,0,0,0,JumpValleyCancel,1,1,0,0,1
Normal,Disable,1,Heavy,Overwrite,None,IfNotDemoDraw,1,0,0,0,0,1,1,1,0,1,0,0,0,0,0,1,1,0,0,0,0,0,0,0,0,0,0,0,PickupWait,1,0,0,0,1
Normal,Disable,1,Heavy,Sequential,None,IfNotDemoDraw,1,0,0,0,0,1,1,1,0,1,0,0,0,0,0,1,1,0,0,0,0,0,0,0,0,0,0,0,Pickup,1,0,0,0,1
Normal,IsDemo,1,Heavy,Sequential,None,IfNotDemoDraw,1,0,0,0,0,1,1,1,0,1,0,0,0,0,0,1,1,0,0,0,0,0,0,0,0,0,0,0,PickupGetDemo,1,0,0,0,1
Normal,Disable,1,Heavy,Sequential,None,IfNotDemoDraw,1,0,0,0,0,1,1,1,0,1,0,0,0,0,0,1,1,0,0,0,0,0,0,0,0,0,0,0,FtrPickup,1,0,0,0,1
OnlyWallNoGravity_SitSpecial,Disable,1,Heavy,Sequential,None,IfNotDemoDraw,1,0,0,0,0,0,1,1,0,1,0,0,0,1,0,0,0,0,0,0,0,0,0,0,0,0,0,0,OutfitChange,0,0,0,0,0
Normal,IsDemo,1,Heavy,Overwrite,None,IfNotDemoDraw,1,0,0,0,0,0,1,1,0,1,0,0,0,1,0,1,1,0,0,0,0,0,0,0,0,0,0,0,Eat,0,0,0,0,1
Normal,IsDemo,1,Heavy,Overwrite,None,IfNotDemoDraw,1,0,0,0,0,0,1,1,0,1,0,0,0,0,0,1,1,0,0,0,0,0,0,0,0,0,0,0,EatGetDemo,1,0,0,0,1
Normal,Disable,1,Heavy,Sequential,None,IfNotDemoDraw,1,0,0,0,0,1,1,1,0,1,0,0,1,1,0,1,1,0,0,0,0,0,0,0,0,0,0,0,ToolChange,1,0,0,0,1
OnlyWallNoGravity_SitSpecial,Disable,1,Heavy,Sequential,None,IfNotDemoDraw,1,0,0,0,0,1,1,1,0,1,0,0,0,0,0,1,1,0,0,0,0,0,0,0,0,0,0,0,ToolPutaway,1,0,0,0,0
OnlyWallNoGravity_SitSpecial,Disable,1,Heavy,Sequential,None,Continue,1,0,0,0,0,1,1,1,0,1,0,0,0,0,0,1,1,0,0,0,0,0,0,0,0,0,0,0,ToolPullout,1,0,0,0,0
Normal,Disable,1,Heavy,Overwrite,None,IfNotDemoDraw,1,0,0,0,0,1,1,1,0,1,0,0,0,1,0,0,1,0,0,0,0,1,0,0,0,0,0,0,ToolAirShot,0,0,0,0,1
Normal,Disable,1,Normal,Sequential,None,IfNotDemoDraw,1,0,0,0,0,1,0,1,0,1,0,0,0,1,0,0,1,0,0,0,0,1,0,0,0,0,0,0,ToolReflect,0,0,0,0,1
Normal,Disable,1,Heavy,Overwrite,None,IfNotDemoDraw,1,0,0,0,0,1,1,1,0,1,0,0,0,1,0,0,1,0,0,0,0,1,0,0,0,0,0,0,ToolCancel,0,0,0,0,1
OnlyWallNoGravity_SitSpecial,IsDemo,1,Heavy,Sequential,None,Continue,1,0,0,0,0,1,1,1,0,1,0,0,0,0,0,1,1,0,0,0,0,0,0,0,0,0,0,0,SmartPhoneTalk,1,0,0,0,0
Normal,Disable,1,Heavy,Overwrite,None,IfNotDemoDraw,1,0,0,0,0,1,0,1,0,1,0,0,0,0,0,0,1,0,0,0,0,0,0,0,0,0,0,0,ScoopReady,1,0,0,0,1
Normal,Disable,1,Heavy,Overwrite,None,IfNotDemoDraw,1,0,0,0,0,1,0,1,0,1,0,0,0,0,0,0,1,0,0,0,0,0,0,0,0,0,0,0,ScoopReadyWait,1,0,0,0,1
Normal,Disable,1,Heavy,Sequential,None,IfNotDemoDraw,1,0,0,0,0,1,0,1,0,1,0,0,0,0,0,0,1,0,0,0,0,0,0,0,0,0,0,0,ScoopDig,1,0,0,0,1
Normal,Disable,1,Heavy,Sequential,None,IfNotDemoDraw,1,0,0,0,0,1,0,1,0,1,0,0,0,0,0,0,1,0,0,0,0,0,0,0,0,0,0,0,ScoopDigGetPutaway,1,0,0,0,1
Normal,IsDemo,1,Heavy,Sequential,None,IfNotDemoDraw,1,0,0,0,0,1,0,1,1,1,0,0,0,0,0,0,1,0,0,0,0,0,0,0,0,0,0,0,ScoopDigGetDemo,1,0,0,0,1
Normal,Disable,1,Heavy,Sequential,None,IfNotDemoDraw,1,0,0,0,0,1,0,1,0,1,0,0,0,0,0,0,1,0,0,0,0,0,0,0,0,0,0,0,ScoopBury,1,0,0,0,1
Normal,Disable,1,Heavy,Overwrite,None,IfNotDemoDraw,1,0,0,0,0,1,0,1,0,1,0,0,0,0,0,1,1,0,0,0,0,0,0,0,0,0,0,0,RiverMakerReady,1,0,0,0,1
Normal,Disable,1,Heavy,Overwrite,None,IfNotDemoDraw,1,0,0,0,0,1,0,1,0,1,0,0,0,0,0,1,1,0,0,0,0,0,0,0,0,0,0,0,RiverMakerReadyWait,1,0,0,0,1
Normal,Disable,1,Heavy,Sequential,None,IfNotDemoDraw,1,0,0,0,0,1,0,1,0,1,0,0,0,0,0,1,1,0,0,0,0,1,0,0,0,0,0,0,RiverMakerDig,1,0,0,0,1
Normal,Disable,1,Heavy,Sequential,None,IfNotDemoDraw,1,0,0,0,0,1,0,1,0,1,0,0,0,0,0,1,1,0,0,0,0,1,0,0,0,0,0,0,RiverMakerBury,1,0,0,0,1
NoBgCheckNoGravity,IsDemo,1,Heavy,Overwrite,None,GiveOverKeepPutawayFlag,1,0,0,0,0,1,1,0,0,0,0,0,0,1,1,0,0,0,0,0,0,0,0,0,0,0,0,0,StageWalkIn,0,1,0,0,1
NoBgCheckNoGravity,IsDemo,1,Heavy,Overwrite,None,GiveOverKeepPutawayFlag,1,0,0,0,0,1,1,0,0,0,0,0,0,1,1,0,0,0,0,0,0,0,0,0,0,0,0,0,StageWalkInUseBgCheck,0,1,0,0,1
NoBgCheckNoGravity,IsDemo,1,Heavy,Overwrite,None,IfNotDemoDraw,1,0,1,1,0,1,1,0,0,0,0,0,0,1,0,0,0,0,0,0,0,0,0,0,0,0,0,0,StageWalkOut,0,1,0,0,1
NoBgCheckNoGravity,IsDemo,1,Heavy,Overwrite,None,GiveOverKeepPutawayFlag,1,0,0,0,0,1,1,0,0,0,0,0,0,1,1,0,0,0,0,0,0,0,0,0,0,0,0,0,StageStairsInDown,0,1,0,0,1
NoBgCheckNoGravity,IsDemo,1,Heavy,Overwrite,None,GiveOverKeepPutawayFlag,1,0,0,0,0,1,1,0,0,0,0,0,0,1,1,0,0,0,0,0,0,0,0,0,0,0,0,0,StageStairsInDownGravity,0,1,0,0,1
NoBgCheckNoGravity,IsDemo,1,Heavy,Overwrite,None,GiveOverKeepPutawayFlag,1,0,0,0,0,1,1,0,0,0,0,0,0,1,1,0,0,0,0,0,0,0,0,0,0,0,0,0,StageStairsInUp,0,1,0,0,1
NoBgCheckNoGravity,IsDemo,1,Heavy,Overwrite,None,GiveOverKeepPutawayFlag,1,0,0,0,0,1,1,0,0,0,0,0,0,1,1,0,0,0,0,0,0,0,0,0,0,0,0,0,StageStairsInUpGravity,0,1,0,0,1
NoBgCheckNoGravity,IsDemo,0,Heavy,Overwrite,None,IfNotDemoDraw,1,0,1,1,0,1,1,0,0,0,0,0,0,1,0,0,0,0,0,0,0,0,0,0,0,0,0,0,StageStairsOut,0,1,0,0,1
Normal,IsDemo,1,Heavy,Overwrite,Auto,Continue,1,0,0,0,0,1,1,1,0,1,0,0,0,1,0,0,0,0,0,0,0,0,0,0,0,1,0,0,SubHostSceneChangeWait,0,1,0,0,0
Normal,Disable,1,Heavy,Overwrite,Auto,IfNotDemoDraw,1,0,0,0,0,0,1,1,0,1,0,0,0,1,0,0,0,0,0,0,0,0,0,0,0,1,0,0,SubHostWaitMainHostDoorOutEnd,0,1,0,0,1
Normal,Disable,1,Heavy,Overwrite,None,IfNotDemoDraw,1,0,0,0,0,1,0,1,0,1,0,0,0,0,0,0,1,0,0,0,0,0,0,0,0,0,0,0,AxeReady,1,0,0,0,1
Normal,Disable,1,Heavy,Overwrite,None,IfNotDemoDraw,1,0,0,0,0,1,0,1,0,1,0,0,0,0,0,0,1,0,0,0,0,0,0,0,0,0,0,0,AxeReadyWait,1,0,0,0,1
Normal,Disable,1,Heavy,Sequential,None,IfNotDemoDraw,1,0,0,0,0,1,0,1,0,1,0,0,0,0,0,1,1,0,0,0,0,0,0,0,0,0,0,0,AxeHitTree,1,0,0,0,1
OnlyWallNoGravity_SitSpecial,Disable,1,Heavy,Overwrite,None,Continue,1,0,0,0,0,1,1,1,0,1,0,0,0,1,0,1,1,0,0,0,0,0,0,0,0,0,0,0,FtrHold,0,1,0,0,0
OnlyWallNoGravity_SitSpecial,EnableToDemoNetLock,1,Heavy,Overwrite,None,Continue,1,0,0,0,0,1,1,1,0,1,4,0,0,1,0,1,1,0,0,0,0,0,0,0,0,0,0,0,FtrHoldWait,0,1,0,0,0
Normal,EnableToDemoNetLock,1,Heavy,Overwrite,None,IfNotDemoDraw,1,0,0,0,0,1,0,1,0,1,4,0,0,1,0,1,1,0,0,0,0,0,0,0,0,0,0,0,FtrPullReady,0,1,0,0,1
Normal,EnableToDemoNetLock,1,Heavy,Overwrite,None,IfNotDemoDraw,1,0,0,0,0,1,0,1,0,1,4,0,0,1,0,1,1,0,0,0,0,0,0,0,0,0,0,0,FtrPullDisable,0,1,0,0,1
Normal,Disable,1,Heavy,Overwrite,None,IfNotDemoDraw,1,0,0,0,0,1,0,1,0,1,0,0,0,0,0,1,1,0,0,0,0,0,0,0,0,0,0,0,FtrPullReadyWait,1,1,0,0,1
OnlyFloor,Disable,1,Heavy,Sequential,None,IfNotDemoDraw,1,0,0,0,0,1,0,0,0,1,0,0,0,0,0,1,1,0,0,0,0,0,0,0,0,0,0,0,FtrPull,1,1,0,0,1
Normal,EnableToDemoNetLock,1,Heavy,Overwrite,None,IfNotDemoDraw,1,0,0,0,0,1,1,1,0,1,4,0,0,1,0,1,1,0,0,0,0,0,0,0,0,0,0,0,FtrPushReady,0,1,0,0,1
Normal,EnableToDemoNetLock,1,Heavy,Overwrite,None,IfNotDemoDraw,1,0,0,0,0,1,1,1,0,1,4,0,0,1,0,1,1,0,0,0,0,0,0,0,0,0,0,0,FtrPushDisable,0,1,0,0,1
Normal,Disable,1,Heavy,Overwrite,None,IfNotDemoDraw,1,0,0,0,0,1,1,1,0,1,0,0,0,0,0,1,1,0,0,0,0,0,0,0,0,0,0,0,FtrPushReadyWait,1,1,0,0,1
Normal,Disable,1,Heavy,Sequential,None,IfNotDemoDraw,1,0,0,0,0,1,0,0,0,1,0,0,0,0,0,1,1,0,0,0,0,0,0,0,0,0,0,0,FtrPush,1,1,0,0,1
Normal,EnableToDemoNetLock,1,Heavy,Overwrite,None,IfNotDemoDraw,1,0,0,0,0,1,1,1,0,1,4,0,0,1,0,1,1,0,0,0,0,0,0,0,0,0,0,0,FtrRotateReady,0,1,0,0,1
Normal,EnableToDemoNetLock,1,Heavy,Overwrite,None,IfNotDemoDraw,1,0,0,0,0,1,1,1,0,1,4,0,0,1,0,1,1,0,0,0,0,0,0,0,0,0,0,0,FtrRotateDisable,0,1,0,0,1
Normal,Disable,1,Heavy,Overwrite,None,IfNotDemoDraw,1,0,0,0,0,1,1,1,0,1,0,0,0,0,0,1,1,0,0,0,0,0,0,0,0,0,0,0,FtrRotateReadyWait,1,1,0,0,1
Normal,Disable,1,Heavy,Sequential,None,IfNotDemoDraw,1,0,0,0,0,1,1,1,0,1,0,0,0,0,0,1,1,0,0,0,0,0,0,0,0,0,0,0,FtrRotate,1,1,0,0,1
Normal,Disable,1,Heavy,Overwrite,None,IfNotDemoDraw,1,0,0,0,0,1,1,1,0,1,0,0,0,0,0,1,1,0,0,0,0,0,0,0,0,0,0,0,FtrSwitchWallHang,1,1,0,0,1
Normal,Disable,1,Heavy,Overwrite,None,Continue,1,0,0,0,0,0,1,1,0,1,0,0,0,0,0,1,1,0,0,0,0,0,0,0,0,0,0,0,FtrRequestLockFrontForDemo,1,1,0,0,1
Normal,EnableToDemoStandSpeak,1,Heavy,Overwrite,None,Continue,1,0,0,0,0,0,1,1,0,1,0,0,0,0,0,1,1,0,0,1,1,0,0,0,0,0,0,0,FtrDemoChangeSwitch,1,1,0,0,1
Normal,EnableToDemoStandSpeak,1,Heavy,Overwrite,None,Continue,1,0,0,0,0,0,1,1,0,1,0,0,0,0,0,1,1,0,0,1,1,0,0,0,0,0,0,0,FtrDemoStartWait,1,1,0,0,1
Normal,IsDemo,1,Heavy,Overwrite,None,Continue,1,0,0,0,0,0,1,1,0,1,0,0,0,0,0,1,1,0,0,1,0,0,0,0,0,0,0,0,FtrDemoWait,1,1,0,0,1
Normal,EnableToDemoStandSpeak,1,Heavy,Sequential,None,Continue,1,0,0,0,0,0,1,1,0,1,0,0,0,0,0,1,1,0,0,1,1,0,0,0,0,0,0,0,FtrRequestUnlockFrontForDemo,1,1,0,0,1
Normal,Disable,1,Heavy,Overwrite,None,IfNotDemoDraw,1,0,0,0,0,0,1,1,0,1,0,0,0,1,0,1,1,0,0,0,0,0,0,0,0,0,0,0,Show,0,1,0,0,1
Normal,IsDemo,1,Heavy,Overwrite,None,IfNotDemoDraw,1,0,0,0,0,0,1,1,0,1,0,0,0,0,0,1,1,0,0,0,0,0,0,0,0,0,0,0,PutawayWaitWithUI,1,1,0,0,0
Normal,IsDemo,1,Heavy,Sequential,None,Continue,1,0,0,0,0,0,1,1,0,1,0,0,0,0,0,1,1,0,0,0,0,0,0,0,0,0,0,0,PutawayAfterVariousGetDemo,1,1,0,0,0
Normal,Disable,1,Heavy,Overwrite,None,IfNotDemoDraw,1,0,0,0,0,1,0,1,0,1,0,0,0,0,0,1,1,0,0,0,0,0,0,0,0,0,0,0,TreeSwingReady,1,1,0,0,1
Normal,Disable,1,Heavy,Sequential,None,IfNotDemoDraw,1,0,0,0,0,1,0,1,0,1,0,0,0,0,0,1,1,0,0,0,0,0,0,0,0,0,0,0,TreeSwing,1,1,0,0,1
OnlyFloor,IsDemo,1,Heavy,Overwrite,None,IfNotDemoDraw,0,0,0,0,0,0,1,1,0,1,0,0,0,1,0,1,1,0,0,0,0,0,0,0,0,0,0,0,InteriorMode,0,1,0,0,0
OnlyFloor,IsDemo,1,Heavy,Overwrite,None,IfNotDemoDraw,0,0,0,0,0,0,1,1,0,1,0,0,0,1,0,1,1,0,0,0,0,0,0,0,0,0,0,0,InteriorModeVisibleOff,0,1,0,0,0
OnlyFloor,Disable,1,Heavy,Overwrite,None,IfNotDemoDraw,1,0,0,0,0,0,1,1,0,1,0,0,0,1,0,1,1,0,0,0,0,0,0,0,0,0,0,0,InteriorModeEnd,0,1,0,0,0
Normal,Disable,1,Heavy,Overwrite,None,IfNotDemoDraw,1,0,0,0,0,1,0,1,0,1,0,0,0,0,0,1,1,0,0,0,0,0,0,0,0,0,0,0,ChairSitdownReady,1,1,0,0,1
Normal,Disable,1,Heavy,Overwrite,None,IfNotDemoDraw,1,0,0,0,0,1,0,1,0,1,0,0,0,0,0,1,1,0,0,0,0,0,0,0,0,0,0,0,ChairSitdownReadyWait,1,1,0,0,1
NoBgCheckNoGravity,Disable,1,Heavy,Sequential,None,Continue,1,0,0,0,0,1,0,1,0,1,0,0,0,0,0,1,1,0,0,0,0,0,0,1,0,0,0,0,ChairSitdownAction,1,1,0,0,2
NoBgCheckNoGravity,EnableToDemoSitSpeak,1,Heavy,Overwrite,None,Continue,1,0,0,0,0,1,1,1,0,1,100,0,0,1,0,0,0,0,0,0,0,0,0,0,0,0,0,0,ChairSitdownWait,0,1,0,0,2
NoBgCheckNoGravity,Disable,1,Heavy,Overwrite,None,Continue,1,0,0,0,0,1,0,1,0,1,0,0,0,0,0,1,1,0,0,0,0,0,0,0,0,0,0,0,ChairSitdownTurn,1,1,0,0,2
NoBgCheckNoGravity,Disable,1,Heavy,Overwrite,None,Continue,1,0,0,0,0,1,0,1,0,1,0,0,0,0,0,1,1,0,0,0,0,0,0,0,0,0,0,0,ChairStandupReady,1,1,0,0,2
NoBgCheckNoGravity,Disable,1,Heavy,Overwrite,None,Continue,1,0,0,0,0,1,0,1,0,1,0,0,0,0,0,1,1,0,0,0,0,0,0,0,0,0,0,0,ChairStandupReadyWait,1,1,0,0,2
NoBgCheckNoGravity,Disable,1,Heavy,Sequential,None,Continue,1,0,0,0,0,1,0,1,0,1,0,0,0,0,0,1,1,0,0,0,0,0,0,1,0,0,0,0,ChairStandupAction,1,1,0,0,1
NoBgCheckNoGravity,Disable,1,Heavy,Overwrite,None,Continue,1,0,0,0,0,1,0,1,0,1,0,0,0,0,0,1,1,0,0,0,0,0,0,0,0,0,0,0,ChairStandupFail,1,1,0,0,2
Normal,Disable,1,Heavy,Overwrite,None,IfNotDemoDraw,1,0,0,0,0,1,0,1,0,1,0,0,0,1,0,1,1,0,0,0,0,0,0,0,0,0,0,0,FtrBedInReady,0,1,0,0,1
Normal,Disable,1,Heavy,Overwrite,None,IfNotDemoDraw,1,0,0,0,0,1,0,1,0,1,0,0,0,1,0,1,1,0,0,0,0,0,0,0,0,0,0,0,FtrBedInReadyWait,0,1,0,0,1
NoBgCheckNoGravity,Disable,1,Heavy,Sequential,None,Putaway,1,0,0,0,0,1,0,1,0,1,0,0,0,1,0,1,1,0,0,0,0,0,0,1,0,0,0,0,FtrBedInAction,0,1,0,0,4
NoBgCheckNoGravity,EnableToDemoBedSpeak,1,Heavy,Overwrite,None,Putaway,1,0,0,0,0,1,1,1,0,1,109,0,0,1,0,0,0,0,0,0,0,0,0,0,0,0,0,0,FtrBedWait,0,1,0,0,4
NoBgCheckNoGravity,Disable,1,Heavy,Overwrite,None,Putaway,1,0,0,0,0,1,0,1,0,1,0,0,0,1,0,1,1,0,0,0,0,0,0,0,0,0,0,0,FtrBedRolloverReady,0,1,0,0,4
NoBgCheckNoGravity,Disable,1,Heavy,Overwrite,None,Putaway,1,0,0,0,0,1,0,1,0,1,0,0,0,1,0,1,1,0,0,0,0,0,0,0,0,0,0,0,FtrBedRolloverReadyWait,0,1,0,0,4
NoBgCheckNoGravity,Disable,1,Heavy,Sequential,None,Putaway,1,0,0,0,0,1,0,0,0,1,0,0,0,1,0,1,1,0,0,0,0,0,0,0,0,0,0,0,FtrBedRolloverAction,0,1,0,0,4
NoBgCheckNoGravity,Disable,1,Heavy,Overwrite,None,Putaway,1,0,0,0,0,1,0,1,0,1,0,0,0,1,0,1,1,0,0,0,0,0,0,0,0,0,0,0,FtrBedRolloverFail,0,1,0,0,4
NoBgCheckNoGravity,Disable,1,Heavy,Overwrite,None,Putaway,1,0,0,0,0,1,0,1,0,1,0,0,0,1,0,1,1,0,0,0,0,0,0,0,0,0,0,0,FtrBedOutReady,0,1,0,0,4
NoBgCheckNoGravity,Disable,1,Heavy,Overwrite,None,Putaway,1,0,0,0,0,1,0,1,0,1,0,0,0,1,0,1,1,0,0,0,0,0,0,0,0,0,0,0,FtrBedOutReadyWait,0,1,0,0,4
NoBgCheckNoGravity,Disable,1,Heavy,Sequential,None,Putaway,1,0,0,0,0,1,0,1,0,1,0,0,0,1,0,1,1,0,0,0,0,0,0,1,0,0,0,0,FtrBedOutAction,0,1,0,0,1
Normal,Disable,1,Heavy,Overwrite,None,IfNotDemoDraw,1,0,0,0,0,1,0,1,0,1,0,0,0,0,0,1,1,0,0,0,0,0,0,0,0,0,0,0,FootBuryReady,1,1,0,0,1
Normal,Disable,1,Heavy,Overwrite,None,IfNotDemoDraw,1,0,0,0,0,1,0,1,0,1,0,0,0,0,0,1,1,0,0,0,0,0,0,0,0,0,0,0,FootBuryReadyWait,1,1,0,0,1
Normal,Disable,1,Heavy,Sequential,None,IfNotDemoDraw,1,0,0,0,0,1,0,1,0,1,0,0,0,0,0,1,1,0,0,0,0,0,0,0,0,0,0,0,FootBury,1,1,0,0,1
NoBgCheckNoGravity,IsDemo,1,Heavy,Overwrite,None,IfNotDemoDraw,1,0,1,1,0,0,1,0,0,1,0,0,0,1,0,0,0,0,0,0,0,0,0,0,0,0,0,0,DoorIn,0,1,0,0,1
Normal,IsDemo,1,Heavy,Overwrite,None,IfNotDemoDraw,1,0,0,1,0,0,1,1,0,1,0,0,0,1,0,0,0,0,0,0,0,0,0,0,0,0,0,0,DoorKnock,0,1,0,0,1
NoBgCheckNoGravity,IsDemo,0,None,Overwrite,None,GiveOverKeepPutawayFlag,1,0,0,0,0,0,1,1,0,1,0,0,0,1,0,0,0,0,0,0,0,0,0,0,0,0,0,0,DoorOutWait,0,1,0,0,1
NoBgCheckNoGravity,IsDemo,0,None,Overwrite,None,GiveOverKeepPutawayFlag,1,0,0,0,0,0,1,1,0,1,0,0,0,1,0,0,0,0,0,0,0,0,0,0,0,0,0,0,DoorOutWaitOffDraw,0,1,0,0,1
NoBgCheckNoGravity,IsDemo,1,Heavy,Overwrite,None,GiveOverKeepPutawayFlag,1,0,0,0,0,0,1,0,0,1,0,0,0,1,0,0,0,0,0,0,0,0,0,0,0,0,0,0,DoorOut,0,1,0,0,1
OnlyWallNoGravity_SitSpecial,Disable,1,Heavy,Overwrite,None,IfNotDemoDraw,1,0,0,0,0,1,1,1,0,1,0,0,0,1,0,1,1,0,0,0,0,0,0,0,0,0,0,0,UmbrellaRolling,0,1,0,0,0
Normal,IsDemo,1,Heavy,Overwrite,None,IfNotDemoDraw,1,0,0,0,0,0,1,1,0,1,0,1,0,1,0,1,1,0,0,0,0,0,0,0,0,0,0,0,ChangeStickOpenRingMenu,0,1,0,0,1
Normal,IsDemo,1,Heavy,Overwrite,None,IfNotDemoDraw,1,0,0,0,0,1,1,1,0,1,0,1,0,1,0,1,1,0,0,0,0,0,0,0,0,0,0,0,ChangeStickChant,0,1,0,0,1
Normal,IsDemo,1,Heavy,Sequential,None,IfNotDemoDraw,1,0,0,0,0,1,1,1,0,1,0,1,0,0,0,1,1,0,0,0,0,0,0,0,0,0,0,0,ChangeStickReflect,1,1,0,0,1
Normal,IsDemo,1,Heavy,Overwrite,None,IfNotDemoDraw,1,0,0,0,0,0,1,1,0,1,0,0,0,1,0,0,0,0,0,0,0,0,0,0,0,0,0,0,ChangeStickNoCoordinateMessage,0,1,0,0,1
Normal,Disable,1,Heavy,Overwrite,None,IfNotDemoDraw,1,0,0,0,0,1,0,1,0,1,0,0,0,0,0,1,1,0,0,0,0,0,0,0,0,0,0,0,CliffMakerReady,1,0,0,0,1
Normal,Disable,1,Heavy,Overwrite,None,IfNotDemoDraw,1,0,0,0,0,1,0,1,0,1,0,0,0,0,0,1,1,0,0,0,0,0,0,0,0,0,0,0,CliffMakerReadyWait,1,0,0,0,1
Normal,Disable,1,Heavy,Sequential,None,IfNotDemoDraw,1,0,0,0,0,1,0,1,0,1,0,0,0,0,0,1,1,0,0,0,0,1,0,0,0,0,0,0,CliffMakerActionCreate,1,0,0,0,1
Normal,Disable,1,Heavy,Sequential,None,IfNotDemoDraw,1,0,0,0,0,1,0,1,0,1,0,0,0,0,0,1,1,0,0,0,0,1,0,0,0,0,0,0,CliffMakerActionDelete,1,0,0,0,1
Normal,Disable,1,Heavy,Sequential,None,IfNotDemoDraw,1,0,0,0,0,1,0,1,0,1,0,0,0,0,0,1,1,0,0,0,0,0,0,0,0,1,0,0,Watering,1,0,0,0,0
Normal,Disable,1,Heavy,Overwrite,None,Continue,1,0,0,0,0,0,1,1,0,1,0,0,0,1,0,1,1,0,0,0,0,0,0,0,0,0,0,0,ChestOperate,0,0,0,0,1
OnlyFloor,Disable,1,Heavy,Overwrite,None,Continue,1,0,0,0,0,1,1,1,0,1,0,0,0,0,0,0,1,0,0,0,0,0,0,0,0,0,0,0,LadderReady,1,0,0,0,1
OnlyFloor,Disable,1,Heavy,Overwrite,None,Continue,1,0,0,0,0,1,1,1,0,1,0,0,0,0,0,0,1,0,0,0,0,0,0,0,0,0,0,0,LadderReadyWait,1,0,0,0,1
NoBgCheckNoGravity,Disable,1,Heavy,Sequential,None,Continue,1,0,0,0,0,1,1,0,0,1,0,0,0,0,0,0,1,0,0,0,0,0,0,0,0,0,0,0,LadderAction,1,0,0,0,1
OnlyWallNoGravity_SitSpecial,Disable,1,Heavy,Overwrite,None,Continue,1,0,0,0,0,0,1,1,0,1,0,0,0,1,0,0,0,0,0,0,0,0,0,0,0,0,0,0,OnetimeAnimToWait,0,1,0,0,0
Normal,Disable,1,Heavy,Sequential,None,Continue,1,0,0,0,0,0,1,1,0,1,0,0,0,0,0,0,0,0,0,0,0,0,0,0,0,0,0,0,CurtainOperate,1,1,0,0,0
OnlyFloor,IsDemo,1,Heavy,Overwrite,None,Continue,1,0,0,0,0,0,1,1,0,1,0,0,0,1,0,0,0,0,0,0,0,0,0,0,0,1,0,0,Delivery,0,1,0,0,0
Normal,EnableToDemoStandSpeak,1,Normal,Overwrite,Auto,IfNotDemoDraw,1,0,0,0,0,1,1,1,0,1,0,0,0,1,0,1,1,0,0,0,0,0,0,0,0,0,0,0,NetWait,0,1,0,0,1
Normal,Disable,1,Heavy,Overwrite,None,IfNotDemoDraw,1,0,0,0,0,1,1,1,0,1,0,0,0,1,0,1,1,0,0,0,0,0,0,0,0,0,0,0,NetSwing,0,1,0,0,1
Normal,IsDemo,1,Heavy,Overwrite,None,IfNotDemoDraw,1,0,0,0,0,1,1,1,0,1,0,0,0,0,0,1,1,0,0,0,0,0,0,0,0,0,0,0,NetGetDemo,1,1,0,0,1
Normal,Disable,1,Heavy,Overwrite,None,IfNotDemoDraw,1,0,0,0,0,1,1,1,0,1,0,0,0,0,0,1,1,0,0,0,0,0,0,0,0,0,0,0,NetRelease,1,1,0,0,1
OnlyWallNoGravity_SitSpecial,Disable,1,Heavy,Overwrite,None,IfNotDemoDraw,1,0,0,0,0,1,1,1,0,1,0,0,0,1,0,1,1,0,0,0,0,0,0,0,0,0,0,0,PartyPopperPull,0,1,0,0,0
Normal,Disable,1,Heavy,Overwrite,None,IfNotDemoDraw,1,0,0,0,0,1,1,1,0,1,0,0,0,1,0,1,1,0,1,0,0,0,0,0,0,0,1,0,RodCasting,0,1,0,1,1
Normal,Disable,1,Heavy,Overwrite,None,IfNotDemoDraw,1,0,0,0,0,1,1,1,0,1,0,0,0,1,0,1,1,0,1,0,0,0,0,0,0,0,1,0,RodCastingFail,0,1,0,1,1
Normal,EnableToDemoNetLock,1,Heavy,Overwrite,None,IfNotDemoDraw,1,0,0,0,0,1,1,1,0,1,152,0,0,1,0,1,1,0,1,0,0,0,0,0,0,0,1,0,RodWaitHit,0,1,0,1,1
Normal,EnableToDemoNetLock,1,Heavy,Overwrite,None,IfNotDemoDraw,1,0,0,0,0,1,1,1,0,1,152,0,0,1,0,1,1,0,1,0,0,0,0,0,0,0,1,0,RodFall,0,1,0,1,1
Normal,Disable,1,Heavy,Overwrite,None,IfNotDemoDraw,1,0,0,0,0,1,1,1,0,1,0,0,0,0,0,1,1,0,1,0,0,0,0,0,0,0,1,0,RodHit,1,1,0,1,1
Normal,Disable,1,Heavy,Overwrite,None,IfNotDemoDraw,1,0,0,0,0,1,1,1,0,1,0,0,0,0,0,1,1,0,1,0,0,0,0,0,0,0,1,0,RodReturnFloat,1,1,0,1,1
Normal,IsDemo,1,Heavy,Overwrite,None,IfNotDemoDraw,1,0,0,0,0,1,1,1,0,1,0,0,0,0,0,1,1,0,1,0,0,0,0,0,0,0,1,0,RodFight,1,1,0,1,1
Normal,IsDemo,1,Heavy,Overwrite,None,IfNotDemoDraw,1,0,0,0,0,1,1,1,0,1,0,0,0,0,0,1,1,0,1,0,0,0,0,0,0,0,1,0,RodCatch,1,1,0,1,1
Normal,IsDemo,1,Heavy,Overwrite,None,IfNotDemoDraw,1,0,0,0,0,0,1,1,0,1,0,0,0,0,0,1,1,0,1,0,0,0,0,0,0,0,1,0,RodGetDemo,1,1,0,1,1
Normal,Disable,1,Heavy,Overwrite,None,IfNotDemoDraw,1,0,0,0,0,1,1,1,0,1,0,0,0,0,0,1,1,0,1,0,0,0,0,0,0,0,1,0,RodReleaseFish,1,1,0,1,0
Normal,Disable,1,Heavy,Overwrite,None,IfNotDemoDraw,1,0,0,0,0,1,1,1,0,1,0,0,0,0,0,1,1,0,1,0,0,0,0,0,0,0,1,0,RodReleaseTrash,1,1,0,1,1
Normal,EnableToDemoNetLock,1,Heavy,Overwrite,None,IfNotDemoDraw,1,0,0,0,0,1,1,1,0,1,0,0,0,1,0,1,1,0,1,0,0,0,0,0,0,0,1,0,SlingshotWait,0,1,0,1,1
Normal,Disable,1,Heavy,Overwrite,None,IfNotDemoDraw,1,0,0,0,0,1,1,1,0,1,0,0,0,1,0,1,1,0,1,0,0,0,0,0,0,0,1,0,SlingshotShooting,0,1,0,1,1
Normal,IsDemo,1,Heavy,Overwrite,None,IfNotDemoDraw,1,0,0,0,0,1,1,1,0,1,0,0,0,0,0,1,1,0,1,0,0,0,0,0,0,0,1,0,SlingshotDropWait,1,1,0,1,1
Normal,IsDemo,1,Heavy,Overwrite,None,IfNotDemoDraw,1,0,0,0,0,1,1,1,0,1,0,0,0,0,0,1,1,0,1,0,0,0,0,0,0,0,1,0,SlingshotShocked,1,1,0,1,1
Normal,Disable,1,Heavy,Overwrite,None,IfNotDemoDraw,1,0,0,0,0,1,0,1,0,1,0,0,0,0,0,1,1,0,0,0,0,0,0,0,0,0,0,0,FenceMakerReady,1,0,0,0,1
Normal,Disable,1,Heavy,Overwrite,None,IfNotDemoDraw,1,0,0,0,0,1,0,1,0,1,0,0,0,0,0,1,1,0,0,0,0,0,0,0,0,0,0,0,FenceMakerReadyWait,1,1,0,0,1
Normal,Disable,1,Heavy,Sequential,None,IfNotDemoDraw,1,0,0,0,0,1,0,1,0,1,0,0,0,0,0,1,1,0,0,0,0,0,0,0,0,0,0,0,FenceMakerAction,1,1,0,0,1
Normal,Disable,1,Heavy,Overwrite,None,IfNotDemoDraw,1,0,0,0,0,1,0,1,0,1,0,0,0,0,0,1,1,0,0,0,0,0,0,0,0,0,0,0,FenceMakerActionNG,1,1,0,0,1
Normal,Disable,1,Heavy,Sequential,None,IfNotDemoDraw,1,0,0,0,0,1,0,1,0,1,0,0,0,0,0,1,1,0,0,0,0,0,0,0,0,0,0,0,FencePickup,1,0,0,0,1
Normal,EnableToDemoStandSpeak,1,Heavy,Overwrite,None,IfNotDemoDraw,1,0,0,0,0,1,1,0,0,1,0,0,0,1,0,1,1,0,0,0,0,0,0,0,0,0,0,0,SnowBallRolling,0,1,0,0,1
Normal,Disable,1,Heavy,Overwrite,None,IfNotDemoDraw,1,0,0,0,0,1,1,0,0,1,0,0,0,1,0,1,1,0,0,0,0,0,0,0,0,0,0,0,SnowBallKick,0,1,0,0,1
OnlyFloor,Disable,1,Heavy,Overwrite,None,Continue,1,0,0,0,0,1,0,1,0,1,0,0,0,0,0,1,1,0,0,0,0,0,0,0,0,0,0,0,PitfallReady,1,1,0,0,1
OnlyFloor,Disable,1,Heavy,Sequential,None,Continue,1,0,0,0,0,1,1,0,0,1,0,0,0,0,0,1,1,0,0,0,0,0,0,0,0,0,0,0,PitfallFall,1,1,0,0,1
OnlyFloor,Disable,1,Heavy,Overwrite,None,Continue,1,0,0,0,0,1,1,1,0,1,0,0,0,0,0,1,1,0,0,0,0,0,0,0,0,0,0,0,PitfallStruggle,1,1,0,0,1
OnlyFloor,Disable,1,Heavy,Sequential,None,Continue,1,0,0,0,0,1,1,0,0,1,0,0,0,0,0,1,1,0,0,0,0,0,0,0,0,0,0,0,PitfallOut,1,1,0,0,1
OnlyWallNoGravity_SitSpecial,EnableToDemoStandSpeak,1,Heavy,Sequential,None,IfNotDemoDraw,1,0,0,0,0,1,1,1,0,1,0,0,0,1,0,1,1,0,0,0,0,0,0,0,0,0,0,0,PlayMusic,0,0,0,0,0
OnlyWallNoGravity_SitSpecial,EnableToDemoStandSpeak,1,Heavy,Overwrite,None,Continue,1,0,0,0,0,1,1,1,0,1,0,0,0,1,0,1,1,0,0,0,0,0,0,0,0,0,0,0,PlayMusicKeep,0,1,0,0,0
OnlyWallNoGravity_SitSpecial,EnableToDemoStandSpeak,1,Heavy,Overwrite,None,Continue,1,0,0,0,0,1,1,1,0,1,0,0,0,1,0,1,1,0,0,0,0,0,0,0,0,0,0,0,PlayMusicKeepOffTimer,0,1,0,0,0
Normal,Disable,1,Heavy,Overwrite,None,Continue,1,0,0,0,0,1,1,1,0,1,0,0,0,1,0,1,1,0,0,0,0,0,0,0,0,0,0,0,PinataWait,0,1,0,0,1
Normal,Disable,1,Heavy,Overwrite,None,Continue,1,0,0,0,0,1,1,1,0,1,0,0,0,1,0,1,1,0,0,0,0,0,0,0,0,0,0,0,PinataSwing,0,1,0,0,1
Normal,Disable,1,Heavy,Overwrite,None,IfNotDemoDraw,1,0,0,0,0,1,0,1,0,1,0,0,0,0,0,1,1,0,0,0,0,0,0,0,0,0,0,0,LongStickJumpReady,1,1,0,0,1
Normal,Disable,1,Heavy,Overwrite,None,IfNotDemoDraw,1,0,0,0,0,1,0,1,0,1,0,0,0,0,0,1,1,0,0,0,0,0,0,0,0,0,0,0,LongStickJumpReadyWait,1,1,0,0,1
NoBgCheckUseGravity,Disable,1,Heavy,Sequential,None,IfNotDemoDraw,1,0,0,0,0,1,0,0,0,1,0,0,0,0,0,1,1,0,0,0,0,0,0,0,0,0,0,0,LongStickJump,1,1,0,0,1
Normal,Disable,1,Heavy,Overwrite,None,IfNotDemoDraw,1,0,0,0,0,1,0,1,0,1,0,0,0,0,0,1,1,0,0,0,0,0,0,0,0,0,0,0,LongStickJumpCancel,1,1,0,0,1
Normal,Disable,1,Heavy,Overwrite,None,IfNotDemoDraw,1,0,0,0,0,1,0,1,0,1,0,0,0,0,0,1,1,0,0,0,0,0,0,0,0,0,0,0,GoThroughSlitReady,1,1,0,0,1
Normal,Disable,1,Heavy,Overwrite,None,IfNotDemoDraw,1,0,0,0,0,1,0,1,0,1,0,0,0,0,0,1,1,0,0,0,0,0,0,0,0,0,0,0,GoThroughSlitReadyWait,1,1,0,0,1
NoBgCheckNoGravity,Disable,1,Heavy,Sequential,None,IfNotDemoDraw,1,0,0,0,0,1,0,0,0,1,0,0,0,0,0,1,1,0,0,0,0,0,0,0,0,0,0,0,GoThroughSlit,1,1,0,0,1
Normal,Disable,1,Heavy,Overwrite,None,IfNotDemoDraw,1,0,0,0,0,1,0,1,0,1,0,0,0,0,0,1,1,0,0,0,0,0,0,0,0,0,0,0,GoThroughSlitCancel,1,1,0,0,1
OnlyFloor,IsDemo,1,Heavy,Overwrite,None,IfNotDemoDraw,1,0,0,0,1,0,1,1,0,1,0,0,0,0,0,1,1,0,0,0,0,0,1,0,0,0,0,0,ToolBreakDemo,1,0,0,0,0
Normal,IsDemo,1,Heavy,Overwrite,None,IfNotDemoDraw,1,0,0,0,0,1,1,1,0,1,0,0,0,0,0,1,1,0,0,0,0,0,0,0,0,0,0,0,BeeStingDemo,1,1,0,0,1
Normal,IsDemo,1,Heavy,Sequential,None,IfNotDemoDraw,1,0,0,0,0,0,1,1,0,1,0,0,0,0,1,1,1,0,0,0,0,0,0,0,0,0,0,0,HealBeeStingDemo,1,1,0,0,1
Normal,IsDemo,1,Heavy,Overwrite,None,IfNotDemoDraw,1,0,0,0,0,0,1,1,0,1,0,0,0,0,0,1,1,0,0,0,0,0,0,0,0,0,0,0,HealBeeStingDemoWaitSync,1,1,0,0,1
OnlyFloor,IsDemo,1,Heavy,Overwrite,None,IfNotDemoDraw,1,0,0,0,0,0,1,1,0,1,0,0,0,0,0,1,1,0,0,0,0,0,0,0,0,0,0,0,FaintDemo,1,1,0,0,1
OnlyFloor,IsDemo,1,Heavy,Overwrite,None,IfNotDemoDraw,1,0,0,0,0,0,1,1,0,1,0,0,0,0,0,1,1,0,0,0,0,0,0,0,0,0,0,0,FaintStandupDemo,1,1,0,0,1
Normal,IsDemo,1,Heavy,Overwrite,None,IfNotDemoDraw,1,0,0,0,0,0,1,1,0,1,0,0,0,0,0,1,1,0,0,0,0,0,0,0,0,0,0,0,GroundbaitDemo,1,1,0,0,1
Normal,Disable,1,Heavy,Overwrite,None,IfNotDemoDraw,1,0,0,0,0,0,1,1,0,1,0,0,0,0,0,1,1,0,0,0,0,0,0,0,0,0,0,0,DoorDecorationPickupReady,1,1,0,0,1
Normal,Disable,1,Heavy,Overwrite,None,IfNotDemoDraw,1,0,0,0,0,0,1,1,0,1,0,0,0,0,0,1,1,0,0,0,0,0,0,0,0,0,0,0,DoorDecorationPickupReadyWait,1,1,0,0,1
Normal,Disable,1,Heavy,Overwrite,None,IfNotDemoDraw,1,0,0,0,0,0,1,1,0,1,0,0,0,0,0,1,1,0,0,0,0,0,0,0,0,0,0,0,DoorDecorationPickupAction,1,1,0,0,1
Normal,Disable,1,Heavy,Overwrite,None,IfNotDemoDraw,1,0,0,0,0,1,0,1,0,1,0,0,0,0,0,1,1,0,0,0,0,0,0,0,0,0,0,0,StumpSitdownReady,1,1,0,0,1
Normal,Disable,1,Heavy,Overwrite,None,IfNotDemoDraw,1,0,0,0,0,1,0,1,0,1,0,0,0,0,0,1,1,0,0,0,0,0,0,0,0,0,0,0,StumpSitdownReadyWait,1,1,0,0,1
NoBgCheckNoGravity,Disable,1,Heavy,Sequential,None,Continue,1,0,0,0,0,1,0,1,0,1,0,0,0,0,0,1,1,0,0,0,0,0,0,0,0,0,0,0,StumpSitdownAction,1,1,0,0,3
NoBgCheckNoGravity,EnableToDemoSitSpeak,1,Heavy,Overwrite,None,Continue,1,0,0,0,0,1,1,1,0,1,199,0,0,1,0,0,0,0,0,0,0,0,0,0,0,0,0,0,StumpSitdownWait,0,1,0,0,3
NoBgCheckNoGravity,Disable,1,Heavy,Overwrite,None,Continue,1,0,0,0,0,1,0,1,0,1,0,0,0,0,0,1,1,0,0,0,0,0,0,0,0,0,0,0,StumpSitdownTurn,1,1,0,0,3
NoBgCheckNoGravity,Disable,1,Heavy,Overwrite,None,Continue,1,0,0,0,0,1,0,1,0,1,0,0,0,0,0,1,1,0,0,0,0,0,0,0,0,0,0,0,StumpStandupReady,1,1,0,0,3
NoBgCheckNoGravity,Disable,1,Heavy,Overwrite,None,Continue,1,0,0,0,0,1,0,1,0,1,0,0,0,0,0,1,1,0,0,0,0,0,0,0,0,0,0,0,StumpStandupReadyWait,1,1,0,0,3
NoBgCheckNoGravity,Disable,1,Heavy,Sequential,None,Continue,1,0,0,0,0,1,0,1,0,1,0,0,0,0,0,1,1,0,0,0,0,0,0,0,0,0,0,0,StumpStandupAction,1,1,0,0,1
NoBgCheckNoGravity,Disable,1,Heavy,Overwrite,None,Continue,1,0,0,0,0,1,0,1,0,1,0,0,0,0,0,1,1,0,0,0,0,0,0,0,0,0,0,0,StumpStandupFail,1,1,0,0,3
Normal,IsDemo,1,Heavy,Overwrite,None,IfNotDemoDraw,1,0,0,0,0,0,1,1,0,1,0,0,0,0,0,1,1,0,0,0,0,0,0,0,0,0,0,0,DIYLearningDemo,1,1,0,0,0
Normal,IsDemo,1,Heavy,Overwrite,None,Continue,1,0,0,0,0,0,1,1,0,1,0,0,0,0,0,1,1,0,0,0,0,1,0,0,0,0,0,1,FtrWorkbenchThinking,1,1,0,0,1
Normal,IsDemo,1,Heavy,Sequential,None,Continue,1,0,0,0,0,0,1,1,0,1,0,0,0,0,0,1,1,0,0,0,0,1,0,0,0,0,0,1,FtrWorkbenchMaking,1,1,0,0,1
Normal,IsDemo,1,Heavy,Overwrite,None,Continue,1,0,0,0,0,0,1,1,0,1,0,0,0,0,0,1,1,0,0,0,0,0,0,0,0,0,0,1,FtrWorkbenchGetDemo,1,1,0,0,1
Normal,IsDemo,1,Heavy,Overwrite,None,IfNotDemoDraw,1,0,0,0,0,0,1,1,0,1,0,0,0,0,0,1,1,0,1,0,0,0,0,0,0,0,1,0,ShootingStarMakeAWish,1,1,0,0,1
Normal,IsDemo,1,Heavy,Overwrite,None,IfNotDemoDraw,1,0,0,0,0,1,1,1,0,1,0,0,0,0,0,1,1,0,0,0,0,0,0,0,0,0,0,0,MosquitoStingDemo,1,1,0,0,1
Normal,IsDemo,1,Heavy,Overwrite,None,IfNotDemoDraw,1,0,0,0,0,0,1,1,0,1,0,0,0,0,0,1,1,0,0,0,0,0,0,0,0,0,0,0,FtrMailboxStart,1,1,0,0,1
Normal,IsDemo,1,Heavy,Overwrite,None,IfNotDemoDraw,1,0,0,0,0,0,1,1,0,1,0,0,0,0,0,1,1,0,0,0,0,0,0,0,0,0,0,0,FtrMailboxKeep,1,1,0,0,1
Normal,IsDemo,1,Heavy,Overwrite,None,IfNotDemoDraw,1,0,0,0,0,0,1,1,0,1,0,0,0,0,0,1,1,0,0,0,0,0,0,0,0,0,0,0,FtrMailboxEnd,1,1,0,0,1
OnlyWallNoGravity_SitSpecial,Disable,1,Heavy,Overwrite,None,IfNotDemoDraw,1,0,0,0,0,1,1,1,0,1,0,0,0,1,0,1,1,0,0,0,0,0,0,0,0,0,0,0,PaperFanAction,0,0,0,0,0
OnlyWallNoGravity_SitSpecial,Disable,1,Heavy,Overwrite,None,IfNotDemoDraw,1,0,0,0,0,1,1,1,0,1,0,0,0,1,0,1,1,0,0,0,0,0,0,0,0,0,0,0,PaperFanDown,0,0,0,0,0
OnlyWallNoGravity_SitSpecial,EnableToDemoStandSpeak,1,Heavy,Overwrite,None,IfNotDemoDraw,1,0,0,0,0,1,1,1,0,1,0,0,0,1,0,1,1,0,0,0,0,0,0,0,0,0,0,0,StickLightStart,0,0,0,0,0
OnlyWallNoGravity_SitSpecial,EnableToDemoStandSpeak,1,Heavy,Overwrite,None,IfNotDemoDraw,1,0,0,0,0,1,1,1,0,1,0,0,0,1,0,1,1,0,0,0,0,0,0,0,0,0,0,0,StickLightKeep,0,0,0,0,0
OnlyWallNoGravity_SitSpecial,EnableToDemoStandSpeak,1,Heavy,Overwrite,None,IfNotDemoDraw,1,0,0,0,0,1,1,1,0,1,0,0,0,1,0,1,1,0,0,0,0,0,0,0,0,0,0,0,StickLightEnd,0,0,0,0,0
OnlyWallNoGravity_SitSpecial,IsDemo,1,Heavy,Overwrite,None,IfNotDemoDraw,1,0,0,0,0,1,1,1,0,1,0,0,0,1,0,1,1,0,0,0,0,0,0,0,0,0,0,0,StickLightNewYearStart,0,0,0,0,0
OnlyWallNoGravity_SitSpecial,IsDemo,1,Heavy,Overwrite,None,IfNotDemoDraw,1,0,0,0,0,1,1,1,0,1,0,0,0,1,0,1,1,0,0,0,0,0,0,0,0,0,0,0,StickLightNewYearKeep,0,0,0,0,0
OnlyWallNoGravity_SitSpecial,IsDemo,1,Heavy,Overwrite,None,IfNotDemoDraw,1,0,0,0,0,1,1,1,0,1,0,0,0,1,0,1,1,0,0,0,0,0,0,0,0,0,0,0,StickLightNewYearEnd,0,0,0,0,0
Normal,IsDemo,1,Heavy,Overwrite,None,Continue,1,0,0,0,0,0,1,1,0,1,0,0,0,0,0,1,1,0,0,0,0,1,0,0,0,0,0,0,ShowcaseOpen,1,1,0,0,1
Normal,IsDemo,1,Heavy,Overwrite,None,Continue,1,0,0,0,0,0,1,1,0,1,0,0,0,0,0,1,1,0,0,0,0,1,0,0,0,0,0,0,ShowcaseOpenKeep,1,1,0,0,1
Normal,IsDemo,1,Heavy,Overwrite,None,Continue,1,0,0,0,0,0,1,1,0,1,0,0,0,0,0,1,1,0,0,0,0,1,0,0,0,0,0,0,ShowcaseClose,1,1,0,0,1
Normal,IsDemo,1,Heavy,Overwrite,None,IfNotDemoDraw,1,0,0,0,0,0,1,0,0,1,0,0,0,0,0,1,1,0,0,0,0,0,0,0,0,0,0,0,GoInFittingRoom,1,1,0,0,1
Normal,IsDemo,1,Heavy,Overwrite,None,IfNotDemoDraw,1,0,0,0,0,0,1,1,0,1,0,0,0,0,0,1,1,0,0,0,0,0,0,0,0,0,0,0,InFittingRoom,1,1,0,0,1
Normal,IsDemo,1,Heavy,Overwrite,None,IfNotDemoDraw,1,0,0,0,0,0,1,0,0,1,0,0,0,0,0,1,1,0,0,0,0,0,0,0,0,0,0,0,GoOutFittingRoom,1,1,0,0,1
Normal,IsDemo,1,Heavy,Overwrite,None,IfNotDemoDraw,1,0,0,0,0,0,1,1,0,1,0,0,0,0,0,1,1,0,0,0,0,0,0,0,0,0,0,0,ShowSomeoneIn,1,1,0,0,1
Normal,IsDemo,1,Heavy,Overwrite,None,IfNotDemoDraw,1,0,0,0,0,0,1,1,0,1,0,0,0,0,0,1,1,0,0,0,0,0,0,0,0,0,0,0,TotakekeLiveWaitStart,1,1,0,0,1
Normal,IsDemo,1,Heavy,Overwrite,None,IfNotDemoDraw,1,0,0,0,0,0,1,1,0,1,0,0,0,0,0,1,1,0,0,0,0,0,0,0,0,0,0,0,TotakekeLiveGetRhythm,1,1,0,0,1
Normal,IsDemo,1,Heavy,Sequential,None,IfNotDemoDraw,1,0,0,0,0,0,1,1,0,1,0,0,0,0,0,1,1,0,0,0,0,0,0,0,0,0,0,0,FacePaintChange,1,1,0,0,1
Normal,IsDemo,1,Heavy,Overwrite,None,IfNotDemoDraw,1,0,0,0,0,1,1,1,0,1,0,0,0,1,0,0,0,0,0,0,0,0,0,0,0,0,0,0,PassOverAndWait,0,1,0,0,1
NoBgCheckNoGravity,IsDemo,1,Heavy,Overwrite,None,Putaway,1,0,0,1,0,0,1,1,0,1,0,0,0,0,0,0,1,0,0,0,0,0,1,0,0,0,0,0,HalfAsleepTurnFront,1,0,0,0,1
NoBgCheckNoGravity,IsDemo,1,Heavy,Overwrite,None,Putaway,1,0,0,1,0,0,1,1,0,1,0,0,0,0,0,0,1,0,0,0,0,0,0,0,0,0,0,0,HalfAsleepNotice,1,1,0,0,1
NoBgCheckNoGravity,IsDemo,1,Heavy,Overwrite,None,Putaway,1,0,0,1,0,0,1,1,0,1,0,0,0,0,0,0,1,0,0,0,0,0,0,0,0,0,0,0,HalfAsleepHairstyling,1,1,0,0,1
Normal,IsDemo,1,Heavy,Overwrite,None,Continue,1,0,0,0,0,0,1,1,0,1,0,0,0,1,0,0,0,0,0,0,0,0,0,0,0,0,0,0,Landing,0,1,0,0,1
Normal,Disable,1,Heavy,Overwrite,None,Continue,1,0,0,0,0,1,1,1,0,1,0,0,0,1,0,1,1,0,0,0,0,0,0,0,0,0,0,0,Appear,0,1,0,0,1
Normal,Disable,1,Heavy,Overwrite,None,Continue,1,0,0,0,0,1,1,1,0,1,0,0,0,1,0,1,1,0,0,0,0,0,0,0,0,0,0,0,Disappear,0,1,0,0,1
OnlyWallNoGravity,Disable,1,Heavy,Sequential,None,IfNotDemoDraw,1,0,0,1,0,0,0,0,0,1,0,0,0,1,0,1,1,0,0,0,0,0,0,1,0,0,0,0,JumpInWater,0,0,0,0,5
NoBgCheckNoGravity,Disable,1,Heavy,Sequential,None,IfNotDemoDraw,1,0,0,1,0,0,0,0,0,1,0,0,0,1,0,1,1,0,0,0,0,0,0,1,0,0,0,0,EnterInWater,0,0,0,0,1
OnlyWallNoGravity,EnableToDemoSwimSpeak,1,Normal,Overwrite,Auto,Putaway,1,0,0,1,0,0,1,1,0,1,0,0,0,1,0,1,0,1,0,0,0,0,0,0,0,0,0,0,SwimWait,0,0,0,1,5
OnlyWallNoGravity,EnableToDemoNetLock,1,Normal,Overwrite,Auto,Putaway,1,0,0,1,0,0,1,0,0,1,0,0,0,1,0,1,0,1,0,0,0,0,0,0,0,0,0,0,Swim,0,0,0,1,5
Normal,Disable,1,Heavy,Overwrite,None,Putaway,1,0,0,1,0,0,1,1,0,1,0,0,0,0,0,1,1,1,1,0,0,0,0,0,0,0,1,0,SwimReleaseFish,1,1,0,1,5
OnlyWallNoGravity,Disable,1,Normal,Overwrite,None,Putaway,1,0,0,1,0,0,0,0,0,1,0,0,0,1,0,1,1,1,0,0,0,0,0,1,1,0,0,0,DiveIn,0,0,0,1,5
OnlyWallNoGravity,EnableToDemoNetLock,1,Normal,Overwrite,Auto,Putaway,1,0,0,1,0,0,1,1,0,1,0,0,0,1,0,1,1,1,0,0,0,0,0,0,0,0,0,0,DiveWait,0,0,0,1,6
OnlyWallNoGravity,EnableToDemoNetLock,1,Normal,Overwrite,Auto,Putaway,1,0,0,1,0,0,1,0,0,1,0,0,0,1,0,1,1,1,0,0,0,0,0,0,0,0,0,0,DiveMove,0,0,0,1,6
OnlyWallNoGravity,IsDemo,1,Normal,Overwrite,None,Putaway,1,0,0,1,0,0,0,0,0,1,0,0,0,1,0,1,1,1,0,0,0,0,0,1,1,0,0,0,DiveOut,0,0,0,1,6
OnlyWallNoGravity,Disable,1,Normal,Overwrite,None,Putaway,1,0,0,1,0,0,1,0,0,1,0,0,0,1,0,1,1,1,0,0,0,0,0,0,0,0,0,0,DiveRequestGetDemo,0,0,0,1,6
OnlyWallNoGravity,IsDemo,1,Normal,Overwrite,None,Putaway,1,0,0,1,0,0,0,0,0,1,0,0,0,1,0,1,1,1,0,0,0,0,0,1,1,0,0,0,DiveOutGetDemo,0,0,0,1,5
OnlyWallNoGravity,Disable,1,Heavy,Overwrite,None,Putaway,1,0,0,0,0,0,0,0,0,1,0,0,0,1,0,1,1,1,0,0,0,0,0,1,0,0,0,0,JumpOutWaterReadyWait,0,0,0,0,5
NoBgCheckNoGravity,Disable,1,Heavy,Sequential,None,Putaway,1,0,0,0,0,0,0,0,0,1,0,0,0,1,0,1,1,0,0,0,0,0,0,1,0,0,0,0,JumpOutWater,0,0,0,0,1
